"Component","contributor","dataset_id","dataset_name","dataset_type","num_items","scheduled_release_date","status","governance_compliance","released","metadata_check","upload_date","release_date","released_destinations","dataset_size"
"DataFlow","HTAN HTAPP","syn23585916","merfish_level_5","","","","","FALSE","FALSE","FALSE","","","",""
"DataFlow","HTAN HTAPP","syn23591171","codex_level_1","","","","","FALSE","FALSE","FALSE","","","",""
"DataFlow","HTAN HTAPP","syn23591172","codex_level_2","ImagingLevel2","1203","","","FALSE","FALSE","FALSE","","","",""
"DataFlow","HTAN HTAPP","syn23591173","codex_level_3","OtherAssay","28","","","FALSE","FALSE","FALSE","","","",""
"DataFlow","HTAN HTAPP","syn23591174","codex_level_4","","","","","FALSE","FALSE","FALSE","","","",""
"DataFlow","HTAN HTAPP","syn23591175","codex_level_5","","","","","FALSE","FALSE","FALSE","","","",""
"DataFlow","HTAN HTAPP","syn23638816","mibi_level_3","OtherAssay","117","","","FALSE","FALSE","FALSE","","","",""
"DataFlow","HTAN HTAPP","syn23638817","mibi_level_4","OtherAssay","2","","","FALSE","FALSE","FALSE","","","",""
"DataFlow","HTAN HTAPP","syn23638818","mibi_level_5","OtherAssay","1","","","FALSE","FALSE","FALSE","","","",""
"DataFlow","HTAN HTAPP","syn24175688","h_and_e_level_1","","","","","FALSE","FALSE","FALSE","","","",""
"DataFlow","HTAN HTAPP","syn24176067","exseq_level_2","OtherAssay","9","","","FALSE","FALSE","FALSE","","","",""
"DataFlow","HTAN HTAPP","syn24176068","exseq_level_3","OtherAssay","9","","","FALSE","FALSE","FALSE","","","",""
"DataFlow","HTAN HTAPP","syn24181385","single_cell_RNAseq_level_1_colon","ScRNA-seqLevel1","50","","","FALSE","FALSE","FALSE","","","",""
"DataFlow","HTAN HTAPP","syn24181437","single_cell_RNAseq_level_2_colon","ScRNA-seqLevel2","22","","","FALSE","FALSE","FALSE","","","",""
"DataFlow","HTAN HTAPP","syn24181445","single_cell_RNAseq_level_3_colon","ScRNA-seqLevel3","66","","","FALSE","FALSE","FALSE","","","",""
"DataFlow","HTAN HTAPP","syn24181527","bulk_DNAseq_level_2_colon","BulkWESLevel2","41","","","FALSE","FALSE","FALSE","","","",""
"DataFlow","HTAN HTAPP","syn24181573","bulk_RNAseq_level_2_colon","BulkRNA-seqLevel2","8","","","FALSE","FALSE","FALSE","","","",""
"DataFlow","HTAN HTAPP","syn24181593","single_cell_RNAseq_level_1_breast","ScRNA-seqLevel1","272","","","FALSE","FALSE","FALSE","","","",""
"DataFlow","HTAN HTAPP","syn24181594","single_cell_RNAseq_level_1_glioma","ScRNA-seqLevel1","6944","","","FALSE","FALSE","FALSE","","","",""
"DataFlow","HTAN HTAPP","syn24181595","single_cell_RNAseq_level_1_lung","ScRNA-seqLevel1","78","","","FALSE","FALSE","FALSE","","","",""
"DataFlow","HTAN HTAPP","syn24181596","single_cell_RNAseq_level_3_glioma","ScRNA-seqLevel3","96","","","FALSE","FALSE","FALSE","","","",""
"DataFlow","HTAN HTAPP","syn24181597","single_cell_RNAseq_level_1_neuroblastoma","ScRNA-seqLevel1","254","","","FALSE","FALSE","FALSE","","","",""
"DataFlow","HTAN HTAPP","syn24181598","single_cell_RNAseq_level_1_ovarian","ScRNA-seqLevel1","46","","","FALSE","FALSE","FALSE","","","",""
"DataFlow","HTAN HTAPP","syn24181599","single_cell_RNAseq_level_4_glioma","ScRNA-seqLevel4","2","","","FALSE","FALSE","FALSE","","","",""
"DataFlow","HTAN HTAPP","syn24181600","single_cell_RNAseq_level_4_lung","ScRNA-seqLevel4","35","","","FALSE","FALSE","FALSE","","","",""
"DataFlow","HTAN HTAPP","syn24181601","single_cell_RNAseq_level_4_breast","ScRNA-seqLevel4","2","","","FALSE","FALSE","FALSE","","","",""
"DataFlow","HTAN HTAPP","syn24181602","single_cell_RNAseq_level_1_sarcoma","ScRNA-seqLevel1","1580","","","FALSE","FALSE","FALSE","","","",""
"DataFlow","HTAN HTAPP","syn24181603","single_cell_RNAseq_level_2_breast","ScRNA-seqLevel2","122","","","FALSE","FALSE","FALSE","","","",""
"DataFlow","HTAN HTAPP","syn24181604","single_cell_RNAseq_level_2_lung","ScRNA-seqLevel2","34","","","FALSE","FALSE","FALSE","","","",""
"DataFlow","HTAN HTAPP","syn24181605","single_cell_RNAseq_level_2_ovarian","ScRNA-seqLevel2","23","","","FALSE","FALSE","FALSE","","","",""
"DataFlow","HTAN HTAPP","syn24181606","single_cell_RNAseq_level_2_neuroblastoma","ScRNA-seqLevel2","93","","","FALSE","FALSE","FALSE","","","",""
"DataFlow","HTAN HTAPP","syn24181607","single_cell_RNAseq_level_4_ovarian","ScRNA-seqLevel4","3","","","FALSE","FALSE","FALSE","","","",""
"DataFlow","HTAN HTAPP","syn24181608","single_cell_RNAseq_level_4_neuroblastoma","ScRNA-seqLevel4","2","","","FALSE","FALSE","FALSE","","","",""
"DataFlow","HTAN HTAPP","syn24181609","bulk_RNAseq_level_2_lung","BulkRNA-seqLevel2","8","","","FALSE","FALSE","FALSE","","","",""
"DataFlow","HTAN HTAPP","syn24181610","single_cell_RNAseq_level_2_sarcoma","ScRNA-seqLevel2","783","","","FALSE","FALSE","FALSE","","","",""
"DataFlow","HTAN HTAPP","syn24181611","bulk_DNAseq_level_2_lung","BulkWESLevel2","40","","","FALSE","FALSE","FALSE","","","",""
"DataFlow","HTAN HTAPP","syn24181612","bulk_RNAseq_level_2_neuroblastoma","BulkRNA-seqLevel2","44","","","FALSE","FALSE","FALSE","","","",""
"DataFlow","HTAN HTAPP","syn24181613","bulk_RNAseq_level_2_breast","BulkRNA-seqLevel2","59","","","FALSE","FALSE","FALSE","","","",""
"DataFlow","HTAN HTAPP","syn24181614","bulk_RNAseq_level_2_ovarian","BulkRNA-seqLevel2","14","","","FALSE","FALSE","FALSE","","","",""
"DataFlow","HTAN HTAPP","syn24181615","bulk_DNAseq_level_2_neuroblastoma","BulkWESLevel2","143","","","FALSE","FALSE","FALSE","","","",""
"DataFlow","HTAN HTAPP","syn24181616","bulk_DNAseq_level_2_breast","BulkWESLevel2","102","","","FALSE","FALSE","FALSE","","","",""
"DataFlow","HTAN HTAPP","syn24181617","bulk_RNAseq_level_2_sarcoma","BulkRNA-seqLevel2","6","","","FALSE","FALSE","FALSE","","","",""
"DataFlow","HTAN HTAPP","syn24181618","bulk_DNAseq_level_2_sarcoma","BulkWESLevel2","10","","","FALSE","FALSE","FALSE","","","",""
"DataFlow","HTAN HTAPP","syn24181619","single_cell_RNAseq_level_3_breast","ScRNA-seqLevel3","366","","","FALSE","FALSE","FALSE","","","",""
"DataFlow","HTAN HTAPP","syn24181620","single_cell_RNAseq_level_3_lung","ScRNA-seqLevel3","102","","","FALSE","FALSE","FALSE","","","",""
"DataFlow","HTAN HTAPP","syn24181621","single_cell_RNAseq_level_3_neuroblastoma","ScRNA-seqLevel3","279","","","FALSE","FALSE","FALSE","","","",""
"DataFlow","HTAN HTAPP","syn24181622","single_cell_RNAseq_level_3_sarcoma","ScRNA-seqLevel3","51","","","FALSE","FALSE","FALSE","","","",""
"DataFlow","HTAN HTAPP","syn24181623","single_cell_RNAseq_level_4_sarcoma","ScRNA-seqLevel4","2","","","FALSE","FALSE","FALSE","","","",""
"DataFlow","HTAN HTAPP","syn24181624","bulk_DNAseq_level_2_ovarian","BulkWESLevel2","34","","","FALSE","FALSE","FALSE","","","",""
"DataFlow","HTAN HTAPP","syn24181625","single_cell_RNAseq_level_2_glioma","ScRNA-seqLevel2","3472","","","FALSE","FALSE","FALSE","","","",""
"DataFlow","HTAN HTAPP","syn24181626","bulk_DNAseq_level_2_glioma","BulkWESLevel2","28","","","FALSE","FALSE","FALSE","","","",""
"DataFlow","HTAN HTAPP","syn24181627","bulk_RNAseq_level_2_glioma","BulkRNA-seqLevel2","15","","","FALSE","FALSE","FALSE","","","",""
"DataFlow","HTAN HTAPP","syn24181628","single_cell_RNAseq_level_3_ovarian","ScRNA-seqLevel3","69","","","FALSE","FALSE","FALSE","","","",""
"DataFlow","HTAN HTAPP","syn24181630","single_cell_RNAseq_level_4_colon","ScRNA-seqLevel4","1","","","FALSE","FALSE","FALSE","","","",""
"DataFlow","HTAN HTAPP","syn24205844","slide_seq_level_1_breast","Slide-seqLevel1","7","","","FALSE","FALSE","FALSE","","","",""
"DataFlow","HTAN HTAPP","syn24205846","slide_seq_level_3_neuroblastoma","Slide-seqLevel3","140","","","FALSE","FALSE","FALSE","","","",""
"DataFlow","HTAN HTAPP","syn24205848","slide_seq_level_2_breast","Slide-seqLevel2","27","","","FALSE","FALSE","FALSE","","","",""
"DataFlow","HTAN HTAPP","syn24205849","slide_seq_level_1_neuroblastoma","Slide-seqLevel1","1","","","FALSE","FALSE","FALSE","","","",""
"DataFlow","HTAN HTAPP","syn24205852","slide_seq_level_3_breast","Slide-seqLevel3","189","","","FALSE","FALSE","FALSE","","","",""
"DataFlow","HTAN HTAPP","syn24205853","slide_seq_level_2_neuroblastoma","Slide-seqLevel2","20","","","FALSE","FALSE","FALSE","","","",""
"DataFlow","HTAN HTAPP","syn24615241","clinical_demographics_colon","","","","","FALSE","FALSE","FALSE","","","",""
"DataFlow","HTAN HTAPP","syn24615243","clinical_exposure_colon","","","","","FALSE","FALSE","FALSE","","","",""
"DataFlow","HTAN HTAPP","syn24615244","clinical_diagnosis_colon","","","","","FALSE","FALSE","FALSE","","","",""
"DataFlow","HTAN HTAPP","syn24615245","clinical_family_history_colon","","","","","FALSE","FALSE","FALSE","","","",""
"DataFlow","HTAN HTAPP","syn24615246","clinical_follow_up_colon","","","","","FALSE","FALSE","FALSE","","","",""
"DataFlow","HTAN HTAPP","syn24615247","clinical_therapy_colon","","","","","FALSE","FALSE","FALSE","","","",""
"DataFlow","HTAN HTAPP","syn24860582","clinical_molecular_test_colon","","","","","FALSE","FALSE","FALSE","","","",""
"DataFlow","HTAN HTAPP","syn24862458","h_and_e_mibi_neuroblastoma","ImagingLevel2","7","","","FALSE","FALSE","FALSE","","","",""
"DataFlow","HTAN HTAPP","syn24873770","clinical_tier_2_colon","","","","","FALSE","FALSE","FALSE","","","",""
"DataFlow","HTAN HTAPP","syn24873771","clinical_tier_3_breast","","","","","FALSE","FALSE","FALSE","","","",""
"DataFlow","HTAN HTAPP","syn24873772","clinical_tier_3_glioma","NeuroblastomaandGliomaTier3","2","","","FALSE","FALSE","FALSE","","","",""
"DataFlow","HTAN HTAPP","syn24873773","clinical_tier_3_colon","","","","","FALSE","FALSE","FALSE","","","",""
"DataFlow","HTAN HTAPP","syn24873774","clinical_tier_3_lung","LungCancerTier3","57","","","FALSE","FALSE","FALSE","","","",""
"DataFlow","HTAN HTAPP","syn24873775","clinical_tier_3_sarcoma","","","","","FALSE","FALSE","FALSE","","","",""
"DataFlow","HTAN HTAPP","syn24873776","clinical_tier_3_ovarian","","","","","FALSE","FALSE","FALSE","","","",""
"DataFlow","HTAN HTAPP","syn24873777","clinical_tier_3_neuroblastoma","","","","","FALSE","FALSE","FALSE","","","",""
"DataFlow","HTAN HTAPP","syn25117237","biospecimen_colon","","","","","FALSE","FALSE","FALSE","","","",""
"DataFlow","HTAN HTAPP","syn25122683","additional_metadata","","","","","FALSE","FALSE","FALSE","","","",""
"DataFlow","HTAN HTAPP","syn25556417","codex_auxiliary_files","OtherAssay","41","","","FALSE","FALSE","FALSE","","","",""
"DataFlow","HTAN HTAPP","syn25571195","codex_level_2_neuroblastoma","","","","","FALSE","FALSE","FALSE","","","",""
"DataFlow","HTAN HTAPP","syn25585682","biospecimen_breast","Biospecimen","801","","","FALSE","FALSE","FALSE","","","",""
"DataFlow","HTAN HTAPP","syn25585683","biospecimen_glioma","Biospecimen","158","","","FALSE","FALSE","FALSE","","","",""
"DataFlow","HTAN HTAPP","syn25585684","biospecimen_lung","Biospecimen","214","","","FALSE","FALSE","FALSE","","","",""
"DataFlow","HTAN HTAPP","syn25585685","biospecimen_neuroblastoma","Biospecimen","620","","","FALSE","FALSE","FALSE","","","",""
"DataFlow","HTAN HTAPP","syn25585687","biospecimen_sarcoma","Biospecimen","60","","","FALSE","FALSE","FALSE","","","",""
"DataFlow","HTAN HTAPP","syn25585688","clinical_demographics_breast","Demographics","63","","","FALSE","FALSE","FALSE","","","",""
"DataFlow","HTAN HTAPP","syn25585689","clinical_demographics_glioma","Demographics","20","","","FALSE","FALSE","FALSE","","","",""
"DataFlow","HTAN HTAPP","syn25585690","clinical_demographics_lung","Demographics","20","","","FALSE","FALSE","FALSE","","","",""
"DataFlow","HTAN HTAPP","syn25585691","clinical_demographics_neuroblastoma","Demographics","55","","","FALSE","FALSE","FALSE","","","",""
"DataFlow","HTAN HTAPP","syn25585693","clinical_demographics_sarcoma","Demographics","9","","","FALSE","FALSE","FALSE","","","",""
"DataFlow","HTAN HTAPP","syn25585694","clinical_diagnosis_breast","Diagnosis","63","","","FALSE","FALSE","FALSE","","","",""
"DataFlow","HTAN HTAPP","syn25585695","clinical_diagnosis_glioma","Diagnosis","20","","","FALSE","FALSE","FALSE","","","",""
"DataFlow","HTAN HTAPP","syn25585696","clinical_diagnosis_lung","Diagnosis","20","","","FALSE","FALSE","FALSE","","","",""
"DataFlow","HTAN HTAPP","syn25585697","clinical_diagnosis_neuroblastoma","Diagnosis","57","","","FALSE","FALSE","FALSE","","","",""
"DataFlow","HTAN HTAPP","syn25585699","clinical_diagnosis_sarcoma","Diagnosis","9","","","FALSE","FALSE","FALSE","","","",""
"DataFlow","HTAN HTAPP","syn25585700","clinical_exposure_breast","Exposure","63","","","FALSE","FALSE","FALSE","","","",""
"DataFlow","HTAN HTAPP","syn25585701","clinical_exposure_glioma","Exposure","20","","","FALSE","FALSE","FALSE","","","",""
"DataFlow","HTAN HTAPP","syn25585702","clinical_exposure_lung","Exposure","20","","","FALSE","FALSE","FALSE","","","",""
"DataFlow","HTAN HTAPP","syn25585703","clinical_exposure_neuroblastoma","Exposure","37","","","FALSE","FALSE","FALSE","","","",""
"DataFlow","HTAN HTAPP","syn25585705","clinical_exposure_sarcoma","Exposure","9","","","FALSE","FALSE","FALSE","","","",""
"DataFlow","HTAN HTAPP","syn25585706","clinical_family_history_breast","FamilyHistory","63","","","FALSE","FALSE","FALSE","","","",""
"DataFlow","HTAN HTAPP","syn25585707","clinical_family_history_glioma","FamilyHistory","20","","","FALSE","FALSE","FALSE","","","",""
"DataFlow","HTAN HTAPP","syn25585709","clinical_family_history_lung","FamilyHistory","20","","","FALSE","FALSE","FALSE","","","",""
"DataFlow","HTAN HTAPP","syn25585710","clinical_family_history_neuroblastoma","FamilyHistory","55","","","FALSE","FALSE","FALSE","","","",""
"DataFlow","HTAN HTAPP","syn25585712","clinical_family_history_sarcoma","FamilyHistory","9","","","FALSE","FALSE","FALSE","","","",""
"DataFlow","HTAN HTAPP","syn25585713","clinical_follow_up_breast","FollowUp","63","","","FALSE","FALSE","FALSE","","","",""
"DataFlow","HTAN HTAPP","syn25585714","clinical_follow_up_glioma","FollowUp","20","","","FALSE","FALSE","FALSE","","","",""
"DataFlow","HTAN HTAPP","syn25585715","clinical_follow_up_lung","FollowUp","20","","","FALSE","FALSE","FALSE","","","",""
"DataFlow","HTAN HTAPP","syn25585716","clinical_follow_up_neuroblastoma","FollowUp","55","","","FALSE","FALSE","FALSE","","","",""
"DataFlow","HTAN HTAPP","syn25585718","clinical_follow_up_sarcoma","FollowUp","9","","","FALSE","FALSE","FALSE","","","",""
"DataFlow","HTAN HTAPP","syn25585719","clinical_therapy_breast","Therapy","369","","","FALSE","FALSE","FALSE","","","",""
"DataFlow","HTAN HTAPP","syn25585720","clinical_therapy_glioma","","","","","FALSE","FALSE","FALSE","","","",""
"DataFlow","HTAN HTAPP","syn25585721","clinical_therapy_lung","Therapy","28","","","FALSE","FALSE","FALSE","","","",""
"DataFlow","HTAN HTAPP","syn25585722","clinical_therapy_neuroblastoma","Therapy","63","","","FALSE","FALSE","FALSE","","","",""
"DataFlow","HTAN HTAPP","syn25585724","clinical_therapy_sarcoma","Therapy","29","","","FALSE","FALSE","FALSE","","","",""
"DataFlow","HTAN HTAPP","syn25585725","clinical_molecular_test_breast","","","","","FALSE","FALSE","FALSE","","","",""
"DataFlow","HTAN HTAPP","syn25585726","clinical_molecular_test_glioma","MolecularTest","20","","","FALSE","FALSE","FALSE","","","",""
"DataFlow","HTAN HTAPP","syn25585727","clinical_molecular_test_lung","","","","","FALSE","FALSE","FALSE","","","",""
"DataFlow","HTAN HTAPP","syn25585728","clinical_molecular_test_neuroblastoma","MolecularTest","117","","","FALSE","FALSE","FALSE","","","",""
"DataFlow","HTAN HTAPP","syn25585730","clinical_molecular_test_sarcoma","","","","","FALSE","FALSE","FALSE","","","",""
"DataFlow","HTAN HTAPP","syn25585731","clinical_tier_2_breast","","","","","FALSE","FALSE","FALSE","","","",""
"DataFlow","HTAN HTAPP","syn25585732","clinical_tier_2_glioma","","","","","FALSE","FALSE","FALSE","","","",""
"DataFlow","HTAN HTAPP","syn25585733","clinical_tier_2_lung","ClinicalDataTier2","16","","","FALSE","FALSE","FALSE","","","",""
"DataFlow","HTAN HTAPP","syn25585734","clinical_tier_2_neuroblastoma","","","","","FALSE","FALSE","FALSE","","","",""
"DataFlow","HTAN HTAPP","syn25585736","clinical_tier_2_sarcoma","","","","","FALSE","FALSE","FALSE","","","",""
"DataFlow","HTAN HTAPP","syn25585757","biospecimen_ovarian","Biospecimen","198","","","FALSE","FALSE","FALSE","","","",""
"DataFlow","HTAN HTAPP","syn25585758","clinical_demographics_ovarian","Demographics","18","","","FALSE","FALSE","FALSE","","","",""
"DataFlow","HTAN HTAPP","syn25585760","clinical_diagnosis_ovarian","Diagnosis","18","","","FALSE","FALSE","FALSE","","","",""
"DataFlow","HTAN HTAPP","syn25585761","clinical_exposure_ovarian","Exposure","18","","","FALSE","FALSE","FALSE","","","",""
"DataFlow","HTAN HTAPP","syn25585762","clinical_family_history_ovarian","FamilyHistory","18","","","FALSE","FALSE","FALSE","","","",""
"DataFlow","HTAN HTAPP","syn25585764","clinical_follow_up_ovarian","FollowUp","18","","","FALSE","FALSE","FALSE","","","",""
"DataFlow","HTAN HTAPP","syn25585766","clinical_therapy_ovarian","Therapy","58","","","FALSE","FALSE","FALSE","","","",""
"DataFlow","HTAN HTAPP","syn25585767","clinical_molecular_test_ovarian","","","","","FALSE","FALSE","FALSE","","","",""
"DataFlow","HTAN HTAPP","syn25585768","clinical_tier_2_ovarian","","","","","FALSE","FALSE","FALSE","","","",""
"DataFlow","HTAN HTAPP","syn25586754","minerva","","","","","FALSE","FALSE","FALSE","","","",""
"DataFlow","HTAN HTAPP","syn25678408","exseq_auxiliary_files","","","","","FALSE","FALSE","FALSE","","","",""
"DataFlow","HTAN HTAPP","syn25757446","exseq_level_4","OtherAssay","40","","","FALSE","FALSE","FALSE","","","",""
"DataFlow","HTAN HTAPP","syn25757449","exseq_level_5","OtherAssay","8","","","FALSE","FALSE","FALSE","","","",""
"DataFlow","HTAN HTAPP","syn25843119","codex_level_3_neuroblastoma","","","","","FALSE","FALSE","FALSE","","","",""
"DataFlow","HTAN HTAPP","syn25843156","codex_auxiliary_files_neuroblastoma","OtherAssay","32","","","FALSE","FALSE","FALSE","","","",""
"DataFlow","HTAN HTAPP","syn25843550","exseq_level_1","ImagingLevel2","21097","","","FALSE","FALSE","FALSE","","","",""
"DataFlow","HTAN HTAPP","syn25882266","h_and_e_multi_assay_breast","ImagingLevel2","26","","","FALSE","FALSE","FALSE","","","",""
"DataFlow","HTAN HTAPP","syn25882295","h_and_e_multiassay_neuroblastoma","ImagingLevel2","19","","","FALSE","FALSE","FALSE","","","",""
"DataFlow","HTAN HTAPP","syn25882316","h_and_e_mibi_breast","ImagingLevel2","14","","","FALSE","FALSE","FALSE","","","",""
"DataFlow","HTAN HTAPP","syn25997522","visium_level_1_ovarian","10xVisiumSpatialTranscriptomics-RNA-seqLevel1","240","","","FALSE","FALSE","FALSE","","","",""
"DataFlow","HTAN HTAPP","syn25997523","visium_level_2_ovarian","10xVisiumSpatialTranscriptomics-RNA-seqLevel2","28","","","FALSE","FALSE","FALSE","","","",""
"DataFlow","HTAN HTAPP","syn25997524","visium_level_3_ovarian","10xVisiumSpatialTranscriptomics-RNA-seqLevel3","196","","","FALSE","FALSE","FALSE","","","",""
"DataFlow","HTAN HTAPP","syn25997525","visium_level_1_lung","10xVisiumSpatialTranscriptomics-RNA-seqLevel1","160","","","FALSE","FALSE","FALSE","","","",""
"DataFlow","HTAN HTAPP","syn25997526","visium_level_2_lung","10xVisiumSpatialTranscriptomics-RNA-seqLevel2","20","","","FALSE","FALSE","FALSE","","","",""
"DataFlow","HTAN HTAPP","syn25997527","visium_level_3_lung","10xVisiumSpatialTranscriptomics-RNA-seqLevel3","140","","","FALSE","FALSE","FALSE","","","",""
"DataFlow","HTAN HTAPP","syn26002150","single_cell_RNAseq_level_1_PML","ScRNA-seqLevel1","4","","","FALSE","FALSE","FALSE","","","",""
"DataFlow","HTAN HTAPP","syn26002153","single_cell_RNAseq_level_2_PML","ScRNA-seqLevel2","2","","","FALSE","FALSE","FALSE","","","",""
"DataFlow","HTAN HTAPP","syn26002156","single_cell_RNAseq_level_3_PML","ScRNA-seqLevel3","6","","","FALSE","FALSE","FALSE","","","",""
"DataFlow","HTAN HTAPP","syn26014990","mibi_level_3_segmented_cell_coordinates","OtherAssay","117","","","FALSE","FALSE","FALSE","","","",""
"DataFlow","HTAN HTAPP","syn26125064","biospecimen_PML","Biospecimen","2","","","FALSE","FALSE","FALSE","","","",""
"DataFlow","HTAN HTAPP","syn26125065","clinical_demographics_PML","Demographics","2","","","FALSE","FALSE","FALSE","","","",""
"DataFlow","HTAN HTAPP","syn26125066","clinical_diagnosis_PML","Diagnosis","2","","","FALSE","FALSE","FALSE","","","",""
"DataFlow","HTAN HTAPP","syn26125067","clinical_exposure_PML","Exposure","2","","","FALSE","FALSE","FALSE","","","",""
"DataFlow","HTAN HTAPP","syn26125068","clinical_family_history_PML","FamilyHistory","2","","","FALSE","FALSE","FALSE","","","",""
"DataFlow","HTAN HTAPP","syn26125069","clinical_follow_up_PML","FollowUp","2","","","FALSE","FALSE","FALSE","","","",""
"DataFlow","HTAN HTAPP","syn26125070","clinical_therapy_PML","Therapy","2","","","FALSE","FALSE","FALSE","","","",""
"DataFlow","HTAN HTAPP","syn26125071","clinical_molecular_test_PML","MolecularTest","2","","","FALSE","FALSE","FALSE","","","",""
"DataFlow","HTAN HTAPP","syn26125072","clinical_tier_2_PML","ClinicalDataTier2","2","","","FALSE","FALSE","FALSE","","","",""
"DataFlow","HTAN HTAPP","syn26376477","bulk_DNAseq_level_1_metadata","","","","","FALSE","FALSE","FALSE","","","",""
"DataFlow","HTAN HTAPP","syn26376488","bulk_RNAseq_level_1_metadata","","","","","FALSE","FALSE","FALSE","","","",""
"DataFlow","HTAN HTAPP","syn27764067","clinical_tier_3_breast_precancer_and_cancer","","","","","FALSE","FALSE","FALSE","","","",""
"DataFlow","HTAN HTAPP","syn50919108","h5ad_cellxgene","","","","","FALSE","FALSE","FALSE","","","",""
"DataFlow","HTAN HTAPP","syn51283722","visium_lung_auxiliary","10xVisiumSpatialTranscriptomics-AuxiliaryFiles","127","","","FALSE","FALSE","FALSE","","","",""
"DataFlow","HTAN HTAPP","syn51283887","visium_ovarian_auxiliary","10xVisiumSpatialTranscriptomics-AuxiliaryFiles","177","","","FALSE","FALSE","FALSE","","","",""
"DataFlow","HTAN Vanderbilt","syn23520239","single_cell_RNAseq_level_3","ScRNA-seqLevel3","309","","","FALSE","FALSE","FALSE","","","",""
"DataFlow","HTAN Vanderbilt","syn23520240","single_cell_RNAseq_level_2","ScRNA-seqLevel2","240","","","FALSE","FALSE","FALSE","","","",""
"DataFlow","HTAN Vanderbilt","syn23520241","single_cell_RNAseq_level_1","ScRNA-seqLevel1","480","","","FALSE","FALSE","FALSE","","","",""
"DataFlow","HTAN Vanderbilt","syn23520242","clinical_demographics","","","","","FALSE","FALSE","FALSE","","","",""
"DataFlow","HTAN Vanderbilt","syn23520243","clinical_diagnosis","","","","","FALSE","FALSE","FALSE","","","",""
"DataFlow","HTAN Vanderbilt","syn23520244","clinical_exposure","","","","","FALSE","FALSE","FALSE","","","",""
"DataFlow","HTAN Vanderbilt","syn23520245","clinical_family_history","","","","","FALSE","FALSE","FALSE","","","",""
"DataFlow","HTAN Vanderbilt","syn23520246","clinical_follow_up","","","","","FALSE","FALSE","FALSE","","","",""
"DataFlow","HTAN Vanderbilt","syn23520247","clinical_therapy","","","","","FALSE","FALSE","FALSE","","","",""
"DataFlow","HTAN Vanderbilt","syn24860587","clinical_molecular_test","","","","","FALSE","FALSE","FALSE","","","",""
"DataFlow","HTAN Vanderbilt","syn24873794","clinical_tier_2","","","","","FALSE","FALSE","FALSE","","","",""
"DataFlow","HTAN Vanderbilt","syn24873795","clinical_tier_3_colon","","","","","FALSE","FALSE","FALSE","","","",""
"DataFlow","HTAN Vanderbilt","syn25010793","biospecimen","","","","","FALSE","FALSE","FALSE","","","",""
"DataFlow","HTAN Vanderbilt","syn25054230","h_and_e_level_1","ImagingLevel2","","","","FALSE","FALSE","FALSE","","","",""
"DataFlow","HTAN Vanderbilt","syn25459679","single_cell_RNAseq_level_4","ScRNA-seqLevel4","9","","","FALSE","FALSE","FALSE","","","",""
"DataFlow","HTAN Vanderbilt","syn26950967","whole_exome_seq_level_1","BulkWESLevel1","392","","","FALSE","FALSE","FALSE","","","",""
"DataFlow","HTAN Vanderbilt","syn26950968","whole_exome_seq_level_2","BulkWESLevel2","196","","","FALSE","FALSE","FALSE","","","",""
"DataFlow","HTAN Vanderbilt","syn26950969","whole_exome_seq_level_3","BulkWESLevel3","148","","","FALSE","FALSE","FALSE","","","",""
"DataFlow","HTAN Vanderbilt","syn51120506","visium_level_1","10xVisiumSpatialTranscriptomics-RNA-seqLevel1","82","","","FALSE","FALSE","FALSE","","","",""
"DataFlow","HTAN Vanderbilt","syn51120507","visium_level_2","10xVisiumSpatialTranscriptomics-RNA-seqLevel2","41","","","FALSE","FALSE","FALSE","","","",""
"DataFlow","HTAN Vanderbilt","syn51120508","visium_auxiliary","10xVisiumSpatialTranscriptomics-AuxiliaryFiles","41","","","FALSE","FALSE","FALSE","","","",""
"DataFlow","HTAN Vanderbilt","syn51120509","visium_level_4","10xVisiumSpatialTranscriptomics-RNA-seqLevel4","41","","","FALSE","FALSE","FALSE","","","",""
"DataFlow","HTAN Vanderbilt","syn51218392","whole_genome_seq_level_1","BulkWESLevel1","72","","","FALSE","FALSE","FALSE","","","",""
"DataFlow","HTAN Vanderbilt","syn51218393","whole_genome_seq_level_2","BulkWESLevel2","36","","","FALSE","FALSE","FALSE","","","",""
"DataFlow","HTAN Vanderbilt","syn51250019","Test","","","","","FALSE","FALSE","FALSE","","","",""
"DataFlow","HTAN Vanderbilt","syn51287550","whole_genome_seq_level_3","BulkWESLevel3","18","","","FALSE","FALSE","FALSE","","","",""
"DataFlow","HTAN Vanderbilt","syn51301270","visium_level_3","10xVisiumSpatialTranscriptomics-RNA-seqLevel3","164","","","FALSE","FALSE","FALSE","","","",""
"DataFlow","HTAN TNP - TMA","syn23554989","phase-1","","","","","FALSE","FALSE","FALSE","","","",""
"DataFlow","HTAN TNP - TMA","syn24995166","biospecimen","","","","","FALSE","FALSE","FALSE","","","",""
"DataFlow","HTAN TNP - TMA","syn24995167","clinical_demographics","","","","","FALSE","FALSE","FALSE","","","",""
"DataFlow","HTAN TNP - TMA","syn24995168","clinical_diagnosis","","","","","FALSE","FALSE","FALSE","","","",""
"DataFlow","HTAN TNP - TMA","syn24995170","clinical_exposure","","","","","FALSE","FALSE","FALSE","","","",""
"DataFlow","HTAN TNP - TMA","syn24995171","clinical_family_history","","","","","FALSE","FALSE","FALSE","","","",""
"DataFlow","HTAN TNP - TMA","syn24995173","clinical_follow_up","","","","","FALSE","FALSE","FALSE","","","",""
"DataFlow","HTAN TNP - TMA","syn24995174","clinical_therapy","","","","","FALSE","FALSE","FALSE","","","",""
"DataFlow","HTAN TNP - TMA","syn24995175","clinical_molecular_test","","","","","FALSE","FALSE","FALSE","","","",""
"DataFlow","HTAN TNP - TMA","syn24995176","clinical_tier_2","","","","","FALSE","FALSE","FALSE","","","",""
"DataFlow","HTAN TNP - TMA","syn24995177","clinical_tier_3_breast","","","","","FALSE","FALSE","FALSE","","","",""
"DataFlow","HTAN TNP - TMA","syn24995179","clinical_tier_3_glioma","","","","","FALSE","FALSE","FALSE","","","",""
"DataFlow","HTAN TNP - TMA","syn24995180","clinical_tier_3_colon","","","","","FALSE","FALSE","FALSE","","","",""
"DataFlow","HTAN TNP - TMA","syn24995181","clinical_tier_3_lung","","","","","FALSE","FALSE","FALSE","","","",""
"DataFlow","HTAN TNP - TMA","syn24995182","clinical_tier_3_sarcoma","","","","","FALSE","FALSE","FALSE","","","",""
"DataFlow","HTAN TNP - TMA","syn24995184","clinical_tier_3_ovarian","","","","","FALSE","FALSE","FALSE","","","",""
"DataFlow","HTAN TNP - TMA","syn24995185","clinical_tier_3_neuroblastoma","","","","","FALSE","FALSE","FALSE","","","",""
"DataFlow","HTAN TNP - TMA","syn24995187","clinical_tier_3_pancreatic","","","","","FALSE","FALSE","FALSE","","","",""
"DataFlow","HTAN TNP - TMA","syn24995188","clinical_tier_3_melanoma","","","","","FALSE","FALSE","FALSE","","","",""
"DataFlow","HTAN TNP - TMA","syn24995190","clinical_tier_3_acute_lymphoblastic_leukemia","","","","","FALSE","FALSE","FALSE","","","",""
"DataFlow","HTAN TNP - TMA","syn25472274","minerva","","","","","FALSE","FALSE","FALSE","","","",""
"DataFlow","HTAN TNP - TMA","syn26341500","imaging_level_2","ImagingLevel2","867","","","FALSE","FALSE","FALSE","","","",""
"DataFlow","HTAN TNP - TMA","syn32606398","galaxy-mti","","","","","FALSE","FALSE","FALSE","","","",""
"DataFlow","HTAN TNP - TMA","syn48191257","imaging_level_3","ImagingLevel3Segmentation","751","","","FALSE","FALSE","FALSE","","","",""
"DataFlow","HTAN TNP - TMA","syn51217298","phase3_imaging_level_2","ImagingLevel2","426","","","FALSE","FALSE","FALSE","","","",""
"DataFlow","HTAN TNP - TMA","syn51523792","phase1_hms_imaging_level_3","ImagingLevel3Segmentation","616","","","FALSE","FALSE","FALSE","","","",""
"DataFlow","HTAN TNP - TMA","syn51525600","phase1_imaging_level_4","ImagingLevel4","352","","","FALSE","FALSE","FALSE","","","",""
"DataFlow","HTAN TNP - TMA","syn51526014","phase3_imaging_level_4","ImagingLevel4","176","","","FALSE","FALSE","FALSE","","","",""
"DataFlow","HTAN TNP - TMA","syn51526278","imaging_channel_data","","","","","FALSE","FALSE","FALSE","","","",""
"DataFlow","HTAN TNP - TMA","syn52044153","phase3_hms_imaging_level_3","ImagingLevel3Segmentation","176","","","FALSE","FALSE","FALSE","","","",""
"DataFlow","HTAN TNP - TMA","syn52537322","geomx_roi_rcc_annotations","","","","","FALSE","FALSE","FALSE","","","",""
"DataFlow","HTAN TNP - TMA","syn52537323","geomx_level_1","","","","","FALSE","FALSE","FALSE","","","",""
"DataFlow","HTAN TNP - TMA","syn52537324","geomx_level_3","","","","","FALSE","FALSE","FALSE","","","",""
"DataFlow","HTAN TNP - TMA","syn52537325","geomx_imaging_level_2","","","","","FALSE","FALSE","FALSE","","","",""
"DataFlow","HTAN TNP - TMA","syn52537326","geomx_roi_dcc_annotations","","","","","FALSE","FALSE","FALSE","","","",""
"DataFlow","HTAN TNP - TMA","syn52537327","geomx_auxiliary_pkc","","","","","FALSE","FALSE","FALSE","","","",""
"DataFlow","HTAN OHSU","syn22093323","Example_Assay_Dataset","","","","","FALSE","FALSE","FALSE","","","",""
"DataFlow","HTAN OHSU","syn22097676","Example_Clinical_Data","","","","","FALSE","FALSE","FALSE","","","",""
"DataFlow","HTAN OHSU","syn23639564","rppa_level_2","","","","","FALSE","FALSE","FALSE","","","",""
"DataFlow","HTAN OHSU","syn23639578","rppa_level_3","","","","","FALSE","FALSE","FALSE","","","",""
"DataFlow","HTAN OHSU","syn23639603","rppa_level_4","","","","","FALSE","FALSE","FALSE","","","",""
"DataFlow","HTAN OHSU","syn23639753","nanostring_level_1","","","","","FALSE","FALSE","FALSE","","","",""
"DataFlow","HTAN OHSU","syn23639801","nanostring_level_2","","","","","FALSE","FALSE","FALSE","","","",""
"DataFlow","HTAN OHSU","syn23639807","nanostring_level_3","","","","","FALSE","FALSE","FALSE","","","",""
"DataFlow","HTAN OHSU","syn23639829","bulk_rnaseq_level_1","BulkRNA-seqLevel1","88","","","FALSE","FALSE","FALSE","","","",""
"DataFlow","HTAN OHSU","syn23639864","bulk_dnaseq_level_1","BulkWESLevel1","238","","","FALSE","FALSE","FALSE","","","",""
"DataFlow","HTAN OHSU","syn24615273","biospecimen","","","","","FALSE","FALSE","FALSE","","","",""
"DataFlow","HTAN OHSU","syn24615275","clinical_diagnosis","","","","","FALSE","FALSE","FALSE","","","",""
"DataFlow","HTAN OHSU","syn24615276","clinical_exposure","","","","","FALSE","FALSE","FALSE","","","",""
"DataFlow","HTAN OHSU","syn24615277","clinical_family_history","","","","","FALSE","FALSE","FALSE","","","",""
"DataFlow","HTAN OHSU","syn24615278","clinical_follow_up","","","","","FALSE","FALSE","FALSE","","","",""
"DataFlow","HTAN OHSU","syn24615279","clinical_therapy","","","","","FALSE","FALSE","FALSE","","","",""
"DataFlow","HTAN OHSU","syn24829424","imaging_level_2","ImagingLevel2","","","","FALSE","FALSE","FALSE","","","",""
"DataFlow","HTAN OHSU","syn24829496","em_level_4","","","","","FALSE","FALSE","FALSE","","","",""
"DataFlow","HTAN OHSU","syn24829499","em_level_3","","","","","FALSE","FALSE","FALSE","","","",""
"DataFlow","HTAN OHSU","syn24860589","clinical_molecular_test","","","","","FALSE","FALSE","FALSE","","","",""
"DataFlow","HTAN OHSU","syn24862563","clinical_demographics","","","","","FALSE","FALSE","FALSE","","","",""
"DataFlow","HTAN OHSU","syn24873803","clinical_tier_2","","","","","FALSE","FALSE","FALSE","","","",""
"DataFlow","HTAN OHSU","syn24873804","clinical_tier_3_breast","","","","","FALSE","FALSE","FALSE","","","",""
"DataFlow","HTAN OHSU","syn24988790","imaging_channel_data","","","","","FALSE","FALSE","FALSE","","","",""
"DataFlow","HTAN OHSU","syn24992265","minerva_stories","","","","","FALSE","FALSE","FALSE","","","",""
"DataFlow","HTAN OHSU","syn25114220","other_assay","","","","","FALSE","FALSE","FALSE","","","",""
"DataFlow","HTAN OHSU","syn25472273","minerva","","","","","FALSE","FALSE","FALSE","","","",""
"DataFlow","HTAN OHSU","syn26535370","bulk_dnaseq_level_3","BulkWESLevel3","88","","","FALSE","FALSE","FALSE","","","",""
"DataFlow","HTAN OHSU","syn26535390","bulk_rnaseq_level_3","BulkRNA-seqLevel3","33","","","FALSE","FALSE","FALSE","","","",""
"DataFlow","HTAN OHSU","syn26535421","imaging_level_4","","","","","FALSE","FALSE","FALSE","","","",""
"DataFlow","HTAN OHSU","syn26535461","sc_dnaseq_level_3","","","","","FALSE","FALSE","FALSE","","","",""
"DataFlow","HTAN OHSU","syn26535576","imaging_level_3","ImagingLevel3Segmentation","200","","","FALSE","FALSE","FALSE","","","",""
"DataFlow","HTAN OHSU","syn26535587","sc_atacseq_level_1","ScATAC-seqLevel1","14","","","FALSE","FALSE","FALSE","","","",""
"DataFlow","HTAN OHSU","syn26535592","sc_atacseq_level_2","","","","","FALSE","FALSE","FALSE","","","",""
"DataFlow","HTAN OHSU","syn26535599","bulk_rnaseq_level_2","BulkRNA-seqLevel2","28","","","FALSE","FALSE","FALSE","","","",""
"DataFlow","HTAN OHSU","syn26535617","sc_dnaseq_level_2","","","","","FALSE","FALSE","FALSE","","","",""
"DataFlow","HTAN OHSU","syn26535725","sc_dnaseq_level_1","","","","","FALSE","FALSE","FALSE","","","",""
"DataFlow","HTAN OHSU","syn26536411","bulk_dnaseq_level_2","BulkWESLevel2","22","","","FALSE","FALSE","FALSE","","","",""
"DataFlow","HTAN OHSU","syn26987435","archive","","","","","FALSE","FALSE","FALSE","","","",""
"DataFlow","HTAN OHSU","syn31547223","sc_atacseq_level_3","","","","","FALSE","FALSE","FALSE","","","",""
"DataFlow","HTAN OHSU","syn31566909","em_level_1","","","","","FALSE","FALSE","FALSE","","","",""
"DataFlow","HTAN OHSU","syn31773950","em_level_2","","","","","FALSE","FALSE","FALSE","","","",""
"DataFlow","HTAN OHSU","syn51250029","DCA_Test_Folder","","","","","FALSE","FALSE","FALSE","","","",""
"DataFlow","HTAN OHSU","syn52289049","geomx_level_1","","","","","FALSE","FALSE","FALSE","","","",""
"DataFlow","HTAN OHSU","syn52289050","geomx_level_3","","","","","FALSE","FALSE","FALSE","","","",""
"DataFlow","HTAN OHSU","syn52289051","geomx_imaging_level_2","","","","","FALSE","FALSE","FALSE","","","",""
"DataFlow","HTAN OHSU","syn52289053","geomx_auxiliary_pkc","","","","","FALSE","FALSE","FALSE","","","",""
"DataFlow","HTAN OHSU","syn52329481","geomx_roi_dcc_annotations","","","","","FALSE","FALSE","FALSE","","","",""
"DataFlow","HTAN OHSU","syn52329482","geomx_roi_rcc_annotations","","","","","FALSE","FALSE","FALSE","","","",""
"DataFlow","HTAN HMS","syn22126051","Example Clinical Data - Demographics","","","","","FALSE","FALSE","FALSE","","","",""
"DataFlow","HTAN HMS","syn24616231","biospecimen","Biospecimen","887","","","FALSE","FALSE","FALSE","","","",""
"DataFlow","HTAN HMS","syn24616233","clinical_demographics","Demographics","130","","","FALSE","FALSE","FALSE","","","",""
"DataFlow","HTAN HMS","syn24616235","clinical_diagnosis","Diagnosis","130","","","FALSE","FALSE","FALSE","","","",""
"DataFlow","HTAN HMS","syn24616237","clinical_exposure","Exposure","130","","","FALSE","FALSE","FALSE","","","",""
"DataFlow","HTAN HMS","syn24616239","clinical_family_history","FamilyHistory","135","","","FALSE","FALSE","FALSE","","","",""
"DataFlow","HTAN HMS","syn24616241","clinical_follow_up","FollowUp","130","","","FALSE","FALSE","FALSE","","","",""
"DataFlow","HTAN HMS","syn24616243","clinical_therapy","Therapy","130","","","FALSE","FALSE","FALSE","","","",""
"DataFlow","HTAN HMS","syn24860583","clinical_molecular_test","MolecularTest","1160","","","FALSE","FALSE","FALSE","","","",""
"DataFlow","HTAN HMS","syn24873780","clinical_tier_2","","","","","FALSE","FALSE","FALSE","","","",""
"DataFlow","HTAN HMS","syn24873781","clinical_tier_3_melanoma","","","","","FALSE","FALSE","FALSE","","","",""
"DataFlow","HTAN HMS","syn24991756","PickSeq_Level_1","BulkRNA-seqLevel1","444","","","FALSE","FALSE","FALSE","","","",""
"DataFlow","HTAN HMS","syn25653114","minerva","","","","","FALSE","FALSE","FALSE","","","",""
"DataFlow","HTAN HMS","syn26530450","PickSeq_Level_2","BulkRNA-seqLevel2","222","","","FALSE","FALSE","FALSE","","","",""
"DataFlow","HTAN HMS","syn26530452","PickSeq_Level_3","BulkRNA-seqLevel3","1","","","FALSE","FALSE","FALSE","","","",""
"DataFlow","HTAN HMS","syn34625996","imaging_level_4","ImagingLevel4","144","","","FALSE","FALSE","FALSE","","","",""
"DataFlow","HTAN HMS","syn36848897","imaging_level_3_segmentation","ImagingLevel3Segmentation","145","","","FALSE","FALSE","FALSE","","","",""
"DataFlow","HTAN HMS","syn51616896","ORION202305_imaging_level_2","ImagingLevel2","116","","","FALSE","FALSE","FALSE","","","",""
"DataFlow","HTAN HMS","syn51758552","MEL202306_imaging_level_2","ImagingLevel2","28","","","FALSE","FALSE","FALSE","","","",""
"DataFlow","HTAN HMS","syn52050231","ORION202307_channel_metadata","","","","","FALSE","FALSE","FALSE","","","",""
"DataFlow","HTAN BU","syn22432744","h_and_e","","","","","FALSE","FALSE","FALSE","","","",""
"DataFlow","HTAN BU","syn22677299","clinical_demographics","","","","","FALSE","FALSE","FALSE","","","",""
"DataFlow","HTAN BU","syn22722838","sc_rna_seq_Level_1","ScRNA-seqLevel1","300","","","FALSE","FALSE","FALSE","","","",""
"DataFlow","HTAN BU","syn23632145","biospecimens","Biospecimen","589","","","FALSE","FALSE","FALSE","","","",""
"DataFlow","HTAN BU","syn23662467","sc_rna_seq_Level_2","ScRNA-seqLevel2","15","","","FALSE","FALSE","FALSE","","","",""
"DataFlow","HTAN BU","syn23662468","sc_rna_seq_Level_3","ScRNA-seqLevel3","45","","","FALSE","FALSE","FALSE","","","",""
"DataFlow","HTAN BU","syn23662469","sc_rna_seq_Level_4","ScRNA-seqLevel4","32","","","FALSE","FALSE","FALSE","","","",""
"DataFlow","HTAN BU","syn24615248","clinical_exposure","","","","","FALSE","FALSE","FALSE","","","",""
"DataFlow","HTAN BU","syn24615249","clinical_diagnosis","","","","","FALSE","FALSE","FALSE","","","",""
"DataFlow","HTAN BU","syn24615250","clinical_family_history","","","","","FALSE","FALSE","FALSE","","","",""
"DataFlow","HTAN BU","syn24615251","clinical_follow_up","","","","","FALSE","FALSE","FALSE","","","",""
"DataFlow","HTAN BU","syn24615252","clinical_therapy","","","","","FALSE","FALSE","FALSE","","","",""
"DataFlow","HTAN BU","syn24860585","clinical_molecular_test","","","","","FALSE","FALSE","FALSE","","","",""
"DataFlow","HTAN BU","syn24873786","clinical_tier_2","","","","","FALSE","FALSE","FALSE","","","",""
"DataFlow","HTAN BU","syn24873787","clinical_tier_3_lung","","","","","FALSE","FALSE","FALSE","","","",""
"DataFlow","HTAN BU","syn25586693","minerva","","","","","FALSE","FALSE","FALSE","","","",""
"DataFlow","HTAN BU","syn26031632","image_level2","","","","","FALSE","FALSE","FALSE","","","",""
"DataFlow","HTAN BU","syn26944441","Bulk_WES_Level_3","","","","","FALSE","FALSE","FALSE","","","",""
"DataFlow","HTAN BU","syn26944456","Bulk_RNA_Level3","","","","","FALSE","FALSE","FALSE","","","",""
"DataFlow","HTAN BU","syn51250051","Test","","","","","FALSE","FALSE","FALSE","","","",""
"DataFlow","HTAN BU","syn51583458","Bulk_RNA_Level_1","BulkRNA-seqLevel1","658","","","FALSE","FALSE","FALSE","","","",""
"DataFlow","HTAN BU","syn51583467","Bulk_WES_Level_1","BulkWESLevel1","328","","","FALSE","FALSE","FALSE","","","",""
"DataFlow","HTAN BU","syn51590273","Bulk_RNA_level_1","","","","","FALSE","FALSE","FALSE","","","",""
"DataFlow","HTAN BU","syn52860098","PCGA_01","ImagingLevel2","2","","","FALSE","FALSE","FALSE","","","",""
"DataFlow","HTAN BU","syn52888245","PCGA_01_biospecimen","Biospecimen","2","","","FALSE","FALSE","FALSE","","","",""
"DataFlow","HTAN WUSTL","syn23643211","sc_RNAseq_level_1","ScRNA-seqLevel1","224","","","FALSE","FALSE","FALSE","","","",""
"DataFlow","HTAN WUSTL","syn23643212","sc_RNAseq_level_2","ScRNA-seqLevel2","71","","","FALSE","FALSE","FALSE","","","",""
"DataFlow","HTAN WUSTL","syn23643213","sc_RNAseq_level_3","ScRNA-seqLevel3","219","","","FALSE","FALSE","FALSE","","","",""
"DataFlow","HTAN WUSTL","syn23643214","sc_RNAseq_level_4","","","","","FALSE","FALSE","FALSE","","","",""
"DataFlow","HTAN WUSTL","syn23643215","sn_ATACseq_level_1","","","","","FALSE","FALSE","FALSE","","","",""
"DataFlow","HTAN WUSTL","syn23643217","bulk_RNAseq_level_2","","","","","FALSE","FALSE","FALSE","","","",""
"DataFlow","HTAN WUSTL","syn23643218","bulk_RNAseq_level_3","","","","","FALSE","FALSE","FALSE","","","",""
"DataFlow","HTAN WUSTL","syn23643219","whole_exome_seq_level_1","BulkWESLevel1","248","","","FALSE","FALSE","FALSE","","","",""
"DataFlow","HTAN WUSTL","syn23643220","whole_exome_seq_level_2","","","","","FALSE","FALSE","FALSE","","","",""
"DataFlow","HTAN WUSTL","syn23643221","whole_exome_seq_level_3","","","","","FALSE","FALSE","FALSE","","","",""
"DataFlow","HTAN WUSTL","syn24615254","clinical_therapy","Therapy","77","","","FALSE","FALSE","FALSE","","","",""
"DataFlow","HTAN WUSTL","syn24615255","clinical_demographics","Demographics","32","","","FALSE","FALSE","FALSE","","","",""
"DataFlow","HTAN WUSTL","syn24615256","clinical_family_history","FamilyHistory","32","","","FALSE","FALSE","FALSE","","","",""
"DataFlow","HTAN WUSTL","syn24615257","clinical_exposure","Exposure","32","","","FALSE","FALSE","FALSE","","","",""
"DataFlow","HTAN WUSTL","syn24615258","biospecimen","Biospecimen","373","","","FALSE","FALSE","FALSE","","","",""
"DataFlow","HTAN WUSTL","syn24615259","clinical_follow_up","FollowUp","32","","","FALSE","FALSE","FALSE","","","",""
"DataFlow","HTAN WUSTL","syn24628490","h_and_e_level_1","ImagingLevel2","","","","FALSE","FALSE","FALSE","","","",""
"DataFlow","HTAN WUSTL","syn24860588","clinical_molecular_test","","","","","FALSE","FALSE","FALSE","","","",""
"DataFlow","HTAN WUSTL","syn24873799","clinical_tier_2","","","","","FALSE","FALSE","FALSE","","","",""
"DataFlow","HTAN WUSTL","syn24873800","clinical_tier_3_breast","","","","","FALSE","FALSE","FALSE","","","",""
"DataFlow","HTAN WUSTL","syn24873801","clinical_tier_3_pancreatic","","","","","FALSE","FALSE","FALSE","","","",""
"DataFlow","HTAN WUSTL","syn24994805","bulk_RNAseq_level_1","BulkRNA-seqLevel1","252","","","FALSE","FALSE","FALSE","","","",""
"DataFlow","HTAN WUSTL","syn25126996","clinical_diagnosis","Diagnosis","32","","","FALSE","FALSE","FALSE","","","",""
"DataFlow","HTAN WUSTL","syn25174770","archive","","","","","FALSE","FALSE","FALSE","","","",""
"DataFlow","HTAN WUSTL","syn25586708","minerva","","","","","FALSE","FALSE","FALSE","","","",""
"DataFlow","HTAN WUSTL","syn27782156","scRNAseq_level_1_brca22","","","","","FALSE","FALSE","FALSE","","","",""
"DataFlow","HTAN WUSTL","syn27782165","clinical_follow_up_brca22","","","","","FALSE","FALSE","FALSE","","","",""
"DataFlow","HTAN WUSTL","syn27782166","biospecimen_brca22","","","","","FALSE","FALSE","FALSE","","","",""
"DataFlow","HTAN WUSTL","syn27782167","clinical_demographics_brca22","","","","","FALSE","FALSE","FALSE","","","",""
"DataFlow","HTAN WUSTL","syn27782168","clinical_diagnosis_brca22","","","","","FALSE","FALSE","FALSE","","","",""
"DataFlow","HTAN WUSTL","syn27782169","clinical_exposure_brca22","","","","","FALSE","FALSE","FALSE","","","",""
"DataFlow","HTAN WUSTL","syn27782170","clinical_therapy_brca22","","","","","FALSE","FALSE","FALSE","","","",""
"DataFlow","HTAN WUSTL","syn27782171","clinical_molecular_test_brca22","","","","","FALSE","FALSE","FALSE","","","",""
"DataFlow","HTAN WUSTL","syn27782172","clinical_family_history_brca22","","","","","FALSE","FALSE","FALSE","","","",""
"DataFlow","HTAN WUSTL","syn27782182","clinical_exposure_coad22","","","","","FALSE","FALSE","FALSE","","","",""
"DataFlow","HTAN WUSTL","syn27782183","clinical_demographics_coad22","","","","","FALSE","FALSE","FALSE","","","",""
"DataFlow","HTAN WUSTL","syn27782184","scRNAseq_level_1_coad22","","","","","FALSE","FALSE","FALSE","","","",""
"DataFlow","HTAN WUSTL","syn27782185","biospecimen_coad22","","","","","FALSE","FALSE","FALSE","","","",""
"DataFlow","HTAN WUSTL","syn27782186","clinical_family_history_coad22","","","","","FALSE","FALSE","FALSE","","","",""
"DataFlow","HTAN WUSTL","syn27782187","clinical_therapy_coad22","","","","","FALSE","FALSE","FALSE","","","",""
"DataFlow","HTAN WUSTL","syn27782188","clinical_diagnosis_coad22","","","","","FALSE","FALSE","FALSE","","","",""
"DataFlow","HTAN WUSTL","syn27782189","clinical_molecular_test_coad22","","","","","FALSE","FALSE","FALSE","","","",""
"DataFlow","HTAN WUSTL","syn27782190","clinical_follow_up_coad22","","","","","FALSE","FALSE","FALSE","","","",""
"DataFlow","HTAN WUSTL","syn27782206","scRNAseq_level_2_coad22","","","","","FALSE","FALSE","FALSE","","","",""
"DataFlow","HTAN WUSTL","syn27782207","scRNAseq_level_3_brca22","","","","","FALSE","FALSE","FALSE","","","",""
"DataFlow","HTAN WUSTL","syn27782208","scRNAseq_level_4_coad22","","","","","FALSE","FALSE","FALSE","","","",""
"DataFlow","HTAN WUSTL","syn27782209","scRNAseq_level_2_brca22","","","","","FALSE","FALSE","FALSE","","","",""
"DataFlow","HTAN WUSTL","syn27782210","scRNAseq_level_3_coad22","","","","","FALSE","FALSE","FALSE","","","",""
"DataFlow","HTAN WUSTL","syn27782211","scRNAseq_level_4_brca22","","","","","FALSE","FALSE","FALSE","","","",""
"DataFlow","HTAN WUSTL","syn29265269","visium_level_1","10xVisiumSpatialTranscriptomics-RNA-seqLevel1","30","","","FALSE","FALSE","FALSE","","","",""
"DataFlow","HTAN WUSTL","syn29282243","sn_RNAseq_level_1","ScRNA-seqLevel1","22","","","FALSE","FALSE","FALSE","","","",""
"DataFlow","HTAN WUSTL","syn50917843","visium_level_1-ccrcc23","10xVisiumSpatialTranscriptomics-RNA-seqLevel1","4","","","FALSE","FALSE","FALSE","","","",""
"DataFlow","HTAN WUSTL","syn50918974","biospecimen_ccrcc23","Biospecimen","2","","","FALSE","FALSE","FALSE","","","",""
"DataFlow","HTAN WUSTL","syn50918975","clinical_demographics_ccrcc23","Demographics","2","","","FALSE","FALSE","FALSE","","","",""
"DataFlow","HTAN WUSTL","syn50918976","clinical_diagnosis_ccrcc23","Diagnosis","2","","","FALSE","FALSE","FALSE","","","",""
"DataFlow","HTAN WUSTL","syn50918977","clinical_exposure_ccrcc23","","","","","FALSE","FALSE","FALSE","","","",""
"DataFlow","HTAN WUSTL","syn50918978","clinical_family_history_ccrcc23","FamilyHistory","2","","","FALSE","FALSE","FALSE","","","",""
"DataFlow","HTAN WUSTL","syn50918979","clinical_follow_up_ccrcc23","FollowUp","2","","","FALSE","FALSE","FALSE","","","",""
"DataFlow","HTAN WUSTL","syn50918980","clinical_therapy_ccrcc23","Therapy","2","","","FALSE","FALSE","FALSE","","","",""
"DataFlow","HTAN WUSTL","syn50918981","clinical_molecular_test_ccrcc23","","","","","FALSE","FALSE","FALSE","","","",""
"DataFlow","HTAN WUSTL","syn50918982","clinical_tier_2_ccrcc23","","","","","FALSE","FALSE","FALSE","","","",""
"DataFlow","HTAN WUSTL","syn51116841","sn_RNAseq_level_3","ScRNA-seqLevel3","33","","","FALSE","FALSE","FALSE","","","",""
"DataFlow","HTAN WUSTL","syn51119477","sn_RNAseq_level_2","ScRNA-seqLevel2","13","","","FALSE","FALSE","FALSE","","","",""
"DataFlow","HTAN WUSTL","syn51201361","visium_level_2_pdac_bam","10xVisiumSpatialTranscriptomics-RNA-seqLevel2","15","","","FALSE","FALSE","FALSE","","","",""
"DataFlow","HTAN WUSTL","syn51201474","visium_level_3_pdac","10xVisiumSpatialTranscriptomics-RNA-seqLevel3","60","","","FALSE","FALSE","FALSE","","","",""
"DataFlow","HTAN WUSTL","syn51202899","visium_level_3_ccrcc23","10xVisiumSpatialTranscriptomics-RNA-seqLevel3","8","","","FALSE","FALSE","FALSE","","","",""
"DataFlow","HTAN WUSTL","syn51202922","visium_level_2_ccrcc23_bam","10xVisiumSpatialTranscriptomics-RNA-seqLevel2","2","","","FALSE","FALSE","FALSE","","","",""
"DataFlow","HTAN WUSTL","syn51250044","test_dca","","","","","FALSE","FALSE","FALSE","","","",""
"DataFlow","HTAN WUSTL","syn51283203","visium_auxiliary_pdac","10xVisiumSpatialTranscriptomics-AuxiliaryFiles","45","","","FALSE","FALSE","FALSE","","","",""
"DataFlow","HTAN WUSTL","syn51283220","visium_auxiliary_ccrcc23","10xVisiumSpatialTranscriptomics-AuxiliaryFiles","6","","","FALSE","FALSE","FALSE","","","",""
"DataFlow","HTAN WUSTL","syn52168103","scRNA-Seq_level_2_atac_tumor","ScRNA-seqLevel2","14","","","FALSE","FALSE","FALSE","","","",""
"DataFlow","HTAN WUSTL","syn52168906","snRNA-Seq_level_2_atac_tumor","ScRNA-seqLevel2","149","","","FALSE","FALSE","FALSE","","","",""
"DataFlow","HTAN WUSTL","syn52169100","snATAC-Seq_level_2_atac_tumor","ScATAC-seqLevel2","179","","","FALSE","FALSE","FALSE","","","",""
"DataFlow","HTAN WUSTL","syn52175741","scsnRNA-Seq_level_3_atac_tumor","ScRNA-seqLevel3","102","","","FALSE","FALSE","FALSE","","","",""
"DataFlow","HTAN WUSTL","syn52175872","snMultiome_level_3_atac_tumor","ScATAC-seqLevel3","516","","","FALSE","FALSE","FALSE","","","",""
"DataFlow","HTAN WUSTL","syn52176220","snATAC-Seq_level_3_atac_tumor","ScATAC-seqLevel3","200","","","FALSE","FALSE","FALSE","","","",""
"DataFlow","HTAN WUSTL","syn52176776","clinical_demographics_atac_tumor","Demographics","160","","","FALSE","FALSE","FALSE","","","",""
"DataFlow","HTAN WUSTL","syn52176939","snRNA-Seq_level_1_atac_tumor","ScRNA-seqLevel1","318","","","FALSE","FALSE","FALSE","","","",""
"DataFlow","HTAN WUSTL","syn52177235","scRNA-Seq_level_1_atac_tumor","ScRNA-seqLevel1","30","","","FALSE","FALSE","FALSE","","","",""
"DataFlow","HTAN WUSTL","syn52203354","snATAC-Seq_level_1_atac_tumor","ScATAC-seqLevel1","653","","","FALSE","FALSE","FALSE","","","",""
"DataFlow","HTAN WUSTL","syn52225961","WES_level_1_atac_tumor","BulkWESLevel1","394","","","FALSE","FALSE","FALSE","","","",""
"DataFlow","HTAN WUSTL","syn52252988","clinical_diagnosis_atac_tumor","Diagnosis","156","","","FALSE","FALSE","FALSE","","","",""
"DataFlow","HTAN WUSTL","syn52253153","clinical_exposure_atac_tumor","","","","","FALSE","FALSE","FALSE","","","",""
"DataFlow","HTAN WUSTL","syn52253154","clinical_family_history_atac_tumor","FamilyHistory","56","","","FALSE","FALSE","FALSE","","","",""
"DataFlow","HTAN WUSTL","syn52253155","clinical_follow_up_atac_tumor","FollowUp","56","","","FALSE","FALSE","FALSE","","","",""
"DataFlow","HTAN WUSTL","syn52253156","clinical_therapy_atac_tumor","Therapy","56","","","FALSE","FALSE","FALSE","","","",""
"DataFlow","HTAN WUSTL","syn52253157","clinical_biospecimen_atac_tumor","Biospecimen","225","","","FALSE","FALSE","FALSE","","","",""
"DataFlow","HTAN WUSTL","syn52366405","scRNA-Seq_level_1_Aadel_PDAC","ScRNA-seqLevel1","23","","","FALSE","FALSE","FALSE","","","",""
"DataFlow","HTAN WUSTL","syn52366412","scRNA-Seq_level_3_Aadel_PDAC","ScRNA-seqLevel3","18","","","FALSE","FALSE","FALSE","","","",""
"DataFlow","HTAN WUSTL","syn52366443","scRNA-Seq_level_2_Aadel_PDAC","ScRNA-seqLevel2","6","","","FALSE","FALSE","FALSE","","","",""
"DataFlow","HTAN WUSTL","syn52373342","clinical_demographics_Aadel_PDAC","Demographics","6","","","FALSE","FALSE","FALSE","","","",""
"DataFlow","HTAN WUSTL","syn52373344","clinical_diagnosis_Aadel_PDAC","Diagnosis","6","","","FALSE","FALSE","FALSE","","","",""
"DataFlow","HTAN WUSTL","syn52373345","biospecimen_Aadel_PDAC","","","","","FALSE","FALSE","FALSE","","","",""
"DataFlow","HTAN CHOP","syn23452919","single_cell_RNAseq_level_1","ScRNA-seqLevel1","","","","FALSE","FALSE","FALSE","","","",""
"DataFlow","HTAN CHOP","syn24615215","clinical_diagnosis","","","","","FALSE","FALSE","FALSE","","","",""
"DataFlow","HTAN CHOP","syn24615216","clinical_exposure","","","","","FALSE","FALSE","FALSE","","","",""
"DataFlow","HTAN CHOP","syn24615217","clinical_family_history","","","","","FALSE","FALSE","FALSE","","","",""
"DataFlow","HTAN CHOP","syn24615218","clinical_follow_up","","","","","FALSE","FALSE","FALSE","","","",""
"DataFlow","HTAN CHOP","syn24615219","clinical_therapy","","","","","FALSE","FALSE","FALSE","","","",""
"DataFlow","HTAN CHOP","syn24860584","clinical_molecular_test","","","","","FALSE","FALSE","FALSE","","","",""
"DataFlow","HTAN CHOP","syn24860906","single_cell_RNAseq_level_2","ScRNA-seqLevel2","","","","FALSE","FALSE","FALSE","","","",""
"DataFlow","HTAN CHOP","syn24860908","single_cell_ATACseq_level_2","","","","","FALSE","FALSE","FALSE","","","",""
"DataFlow","HTAN CHOP","syn24873782","clinical_tier_2","","","","","FALSE","FALSE","FALSE","","","",""
"DataFlow","HTAN CHOP","syn24873783","clinical_tier_3_ped_glioma","","","","","FALSE","FALSE","FALSE","","","",""
"DataFlow","HTAN CHOP","syn24873784","clinical_tier_3_neuroblastoma","","","","","FALSE","FALSE","FALSE","","","",""
"DataFlow","HTAN CHOP","syn24873785","clinical_tier_3_acute_lymphoblastic_leukemia","","","","","FALSE","FALSE","FALSE","","","",""
"DataFlow","HTAN CHOP","syn24984555","snmC-Seq2_level1","","","","","FALSE","FALSE","FALSE","","","",""
"DataFlow","HTAN CHOP","syn24984685","snmC-Seq2_level2","","","","","FALSE","FALSE","FALSE","","","",""
"DataFlow","HTAN CHOP","syn25127390","clinical_demographics","","","","","FALSE","FALSE","FALSE","","","",""
"DataFlow","HTAN CHOP","syn25127447","Biospecimen","","","","","FALSE","FALSE","FALSE","","","",""
"DataFlow","HTAN CHOP","syn25955941","snmC-Seq2_level1_new","","","","","FALSE","FALSE","FALSE","","","",""
"DataFlow","HTAN CHOP","syn51179721","single_cell_ATACseq_level_1_CLEAN","ScATAC-seqLevel1","","","","FALSE","FALSE","FALSE","","","",""
"DataFlow","HTAN CHOP","syn51229044","single_cell_RNAseq_level_4_clean","ScRNA-seqLevel4","","","","FALSE","FALSE","FALSE","","","",""
"DataFlow","HTAN CHOP","syn51229045","single_cell_ATACseq_level_4_clean","ScATAC-seqLevel4","","","","FALSE","FALSE","FALSE","","","",""
"DataFlow","HTAN CHOP","syn51390545","single_cell_RNAseq_level_1_ped_glioma","","","","","FALSE","FALSE","FALSE","","","",""
"DataFlow","HTAN CHOP","syn51390547","single_cell_RNAseq_level_3_ped_glioma","","","","","FALSE","FALSE","FALSE","","","",""
"DataFlow","HTAN CHOP","syn51390548","single_cell_RNAseq_level_4_ped_glioma","","","","","FALSE","FALSE","FALSE","","","",""
"DataFlow","HTAN CHOP","syn51390552","single_cell_ATACseq_level_2_ped_glioma","","","","","FALSE","FALSE","FALSE","","","",""
"DataFlow","HTAN CHOP","syn51390553","single_cell_ATACseq_level_3_ped_glioma","","","","","FALSE","FALSE","FALSE","","","",""
"DataFlow","HTAN CHOP","syn51390554","single_cell_ATACseq_level_4_ped_glioma","","","","","FALSE","FALSE","FALSE","","","",""
"DataFlow","HTAN CHOP","syn51400174","single_cell_ATACseq_level_1_ped_glioma","","","","","FALSE","FALSE","FALSE","","","",""
"DataFlow","HTAN CHOP","syn51400875","WGS_level_1_ped_glioma","","","","","FALSE","FALSE","FALSE","","","",""
"DataFlow","HTAN CHOP","syn51407476","single_cell_RNAseq_level_2_ped_glioma","","","","","FALSE","FALSE","FALSE","","","",""
"DataFlow","HTAN CHOP","syn51468114","WGS_level_2_ped_glioma","","","","","FALSE","FALSE","FALSE","","","",""
"DataFlow","HTAN CHOP","syn51544845","single_cell_RNAseq_level_3_NBL","ScRNA-seqLevel3","","","","FALSE","FALSE","FALSE","","","",""
"DataFlow","HTAN CHOP","syn51547312","single_cell_RNAseq_level_4_NBL","ScRNA-seqLevel4","","","","FALSE","FALSE","FALSE","","","",""
"DataFlow","HTAN CHOP","syn51583058","single_cell_ATACseq_level_1_NBL","ScATAC-seqLevel1","","","","FALSE","FALSE","FALSE","","","",""
"DataFlow","HTAN CHOP","syn51591737","single_cell_RNAseq_level_2_NBL","ScRNA-seqLevel2","","","","FALSE","FALSE","FALSE","","","",""
"DataFlow","HTAN CHOP","syn51613925","single_cell_RNAseq_level_1_NBL","ScRNA-seqLevel1","","","","FALSE","FALSE","FALSE","","","",""
"DataFlow","HTAN CHOP","syn51690726","single_cell_ATACseq_level_2_NBL","ScATAC-seqLevel2","","","","FALSE","FALSE","FALSE","","","",""
"DataFlow","HTAN CHOP","syn51690767","single_cell_ATACseq_level_3_NBL","ScATAC-seqLevel3","","","","FALSE","FALSE","FALSE","","","",""
"DataFlow","HTAN CHOP","syn51690863","single_cell_ATACseq_level_4_NBL","","","","","FALSE","FALSE","FALSE","","","",""
"DataFlow","HTAN CHOP","syn52617632","single_cell_RNAseq_level_1_AdditionalBMHD","","","","","FALSE","FALSE","FALSE","","","",""
"DataFlow","HTAN CHOP","syn52617639","single_cell_ATACseq_level_1_LeukemiaMRD","","","","","FALSE","FALSE","FALSE","","","",""
"DataFlow","HTAN MSK","syn23591071","single_cell_RNAseq_level_2","ScRNA-seqLevel2","57","","","FALSE","FALSE","FALSE","","","",""
"DataFlow","HTAN MSK","syn23591072","single_cell_RNAseq_level_3","ScRNA-seqLevel3","228","","","FALSE","FALSE","FALSE","","","",""
"DataFlow","HTAN MSK","syn23591073","single_cell_RNAseq_level_4","ScRNA-seqLevel4","270","","","FALSE","FALSE","FALSE","","","",""
"DataFlow","HTAN MSK","syn23591178","mIHC_level_1","","","","","FALSE","FALSE","FALSE","","","",""
"DataFlow","HTAN MSK","syn23591179","mIHC_level_2","","","","","FALSE","FALSE","FALSE","","","",""
"DataFlow","HTAN MSK","syn23591180","mIHC_level_4","","","","","FALSE","FALSE","FALSE","","","",""
"DataFlow","HTAN MSK","syn23591181","mIHC_level_3","","","","","FALSE","FALSE","FALSE","","","",""
"DataFlow","HTAN MSK","syn23591182","mIHC_level_5","","","","","FALSE","FALSE","FALSE","","","",""
"DataFlow","HTAN MSK","syn23593727","single_cell_RNAseq_level_1","ScRNA-seqLevel1","404","","","FALSE","FALSE","FALSE","","","",""
"DataFlow","HTAN MSK","syn23633926","clinical_demographics","","","","","FALSE","FALSE","FALSE","","","",""
"DataFlow","HTAN MSK","syn23633927","clinical_diagnosis","","","","","FALSE","FALSE","FALSE","","","",""
"DataFlow","HTAN MSK","syn23633928","clinical_exposure","","","","","FALSE","FALSE","FALSE","","","",""
"DataFlow","HTAN MSK","syn23633929","clinical_family_history","","","","","FALSE","FALSE","FALSE","","","",""
"DataFlow","HTAN MSK","syn23633930","clinical_follow_up","","","","","FALSE","FALSE","FALSE","","","",""
"DataFlow","HTAN MSK","syn23633931","clinical_therapy","","","","","FALSE","FALSE","FALSE","","","",""
"DataFlow","HTAN MSK","syn23633932","clinical_molecular_test","","","","","FALSE","FALSE","FALSE","","","",""
"DataFlow","HTAN MSK","syn24615234","biospecimen","","","","","FALSE","FALSE","FALSE","","","",""
"DataFlow","HTAN MSK","syn24873796","clinical_tier_2","","","","","FALSE","FALSE","FALSE","","","",""
"DataFlow","HTAN MSK","syn24873797","clinical_tier_3_lung","","","","","FALSE","FALSE","FALSE","","","",""
"DataFlow","HTAN MSK","syn24873798","clinical_tier_3_pancreatic","","","","","FALSE","FALSE","FALSE","","","",""
"DataFlow","HTAN MSK","syn25472272","minerva","","","","","FALSE","FALSE","FALSE","","","",""
"DataFlow","HTAN MSK","syn26321090","mibi_level_1","","","","","FALSE","FALSE","FALSE","","","",""
"DataFlow","HTAN MSK","syn26321091","mibi_level_2","ImagingLevel2","58","","","FALSE","FALSE","FALSE","","","",""
"DataFlow","HTAN MSK","syn26321092","mibi_level_3","OtherAssay","115","","","FALSE","FALSE","FALSE","","","",""
"DataFlow","HTAN MSK","syn26321093","mibi_level_4","OtherAssay","4","","","FALSE","FALSE","FALSE","","","",""
"DataFlow","HTAN MSK","syn26321094","mibi_level_5","","","","","FALSE","FALSE","FALSE","","","",""
"DataFlow","HTAN MSK","syn27025191","vectra_level_2","","","","","FALSE","FALSE","FALSE","","","",""
"DataFlow","HTAN MSK","syn27025192","vectra_level_3","","","","","FALSE","FALSE","FALSE","","","",""
"DataFlow","HTAN MSK","syn27025193","vectra_level_4","","","","","FALSE","FALSE","FALSE","","","",""
"DataFlow","HTAN MSK","syn49686312","glasner_etal_single_cell_RNAseq_level_1","ScRNA-seqLevel1","40","","","FALSE","FALSE","FALSE","","","",""
"DataFlow","HTAN MSK","syn49690852","glasner_etal_single_cell_RNAseq_level_2","ScRNA-seqLevel2","11","","","FALSE","FALSE","FALSE","","","",""
"DataFlow","HTAN MSK","syn49693500","glasner_etal_single_cell_RNAseq_level_3","ScRNA-seqLevel3","11","","","FALSE","FALSE","FALSE","","","",""
"DataFlow","HTAN MSK","syn49693584","glasner_etal_single_cell_RNAseq_level_4","ScRNA-seqLevel4","7","","","FALSE","FALSE","FALSE","","","",""
"DataFlow","HTAN MSK","syn50261371","h5ad_cellxgene","","","","","FALSE","FALSE","FALSE","","","",""
"DataFlow","HTAN DFCI","syn24180873","single_cell_RNAseq_level_3_breast","","","","","FALSE","FALSE","FALSE","","","",""
"DataFlow","HTAN DFCI","syn24180874","single_cell_RNAseq_level_2","","","","","FALSE","FALSE","FALSE","","","",""
"DataFlow","HTAN DFCI","syn24180875","single_cell_RNAseq_level_4","","","","","FALSE","FALSE","FALSE","","","",""
"DataFlow","HTAN DFCI","syn24615261","clinical_family_history_lung","FamilyHistory","62","","","FALSE","FALSE","FALSE","","","",""
"DataFlow","HTAN DFCI","syn24615262","biospecimen_breast","Biospecimen","178","","","FALSE","FALSE","FALSE","","","",""
"DataFlow","HTAN DFCI","syn24615263","clinical_exposure_lung","Exposure","35","","","FALSE","FALSE","FALSE","","","",""
"DataFlow","HTAN DFCI","syn24615264","clinical_therapy_lung","Therapy","99","","","FALSE","FALSE","FALSE","","","",""
"DataFlow","HTAN DFCI","syn24615265","clinical_follow_up_lung","FollowUp","53","","","FALSE","FALSE","FALSE","","","",""
"DataFlow","HTAN DFCI","syn24860586","clinical_molecular_test_breast","","","","","FALSE","FALSE","FALSE","","","",""
"DataFlow","HTAN DFCI","syn24873790","clinical_tier_2_lung","ClinicalDataTier2","108","","","FALSE","FALSE","FALSE","","","",""
"DataFlow","HTAN DFCI","syn24873791","clinical_tier_3_breast","","","","","FALSE","FALSE","FALSE","","","",""
"DataFlow","HTAN DFCI","syn24873792","clinical_tier_3_melanoma","MelanomaTier3","63","","","FALSE","FALSE","FALSE","","","",""
"DataFlow","HTAN DFCI","syn24873793","clinical_tier_3_colon","","","","","FALSE","FALSE","FALSE","","","",""
"DataFlow","HTAN DFCI","syn25577443","minerva","","","","","FALSE","FALSE","FALSE","","","",""
"DataFlow","HTAN DFCI","syn25998510","sardana_phase_1_ff_level_2","","","","","FALSE","FALSE","FALSE","","","",""
"DataFlow","HTAN DFCI","syn25998511","sardana_phase_1_ffpe_level_2","","","","","FALSE","FALSE","FALSE","","","",""
"DataFlow","HTAN DFCI","syn25998512","sardana_pilot_ff_level_2","","","","","FALSE","FALSE","FALSE","","","",""
"DataFlow","HTAN DFCI","syn25998513","sardana_pilot_ffpe_level_2","","","","","FALSE","FALSE","FALSE","","","",""
"DataFlow","HTAN DFCI","syn29399968","clinical_tier_3_lung","LungCancerTier3","35","","","FALSE","FALSE","FALSE","","","",""
"DataFlow","HTAN DFCI","syn51108825","wes_level_1_breast","","","","","FALSE","FALSE","FALSE","","","",""
"DataFlow","HTAN DFCI","syn51108826","wes_level2","","","","","FALSE","FALSE","FALSE","","","",""
"DataFlow","HTAN DFCI","syn51108827","wes_level3","","","","","FALSE","FALSE","FALSE","","","",""
"DataFlow","HTAN DFCI","syn51108829","wes_level_3_lung","","","","","FALSE","FALSE","FALSE","","","",""
"DataFlow","HTAN DFCI","syn51108830","wes_level_4_breast","","","","","FALSE","FALSE","FALSE","","","",""
"DataFlow","HTAN DFCI","syn51200595","biospecimen_melanoma","Biospecimen","4","","","FALSE","FALSE","FALSE","","","",""
"DataFlow","HTAN DFCI","syn51200596","biospecimen_lung","","","","","FALSE","FALSE","FALSE","","","",""
"DataFlow","HTAN DFCI","syn51200615","clinical_demographics_breast","Demographics","56","","","FALSE","FALSE","FALSE","","","",""
"DataFlow","HTAN DFCI","syn51200616","clinical_demographics_melanoma","Demographics","63","","","FALSE","FALSE","FALSE","","","",""
"DataFlow","HTAN DFCI","syn51200617","clinical_demographics_lung","Demographics","35","","","FALSE","FALSE","FALSE","","","",""
"DataFlow","HTAN DFCI","syn51200618","clinical_diagnosis_breast","Diagnosis","56","","","FALSE","FALSE","FALSE","","","",""
"DataFlow","HTAN DFCI","syn51200619","clinical_diagnosis_melanoma","Diagnosis","24","","","FALSE","FALSE","FALSE","","","",""
"DataFlow","HTAN DFCI","syn51200620","clinical_diagnosis_lung","Diagnosis","35","","","FALSE","FALSE","FALSE","","","",""
"DataFlow","HTAN DFCI","syn51203710","wes_level_2_melanoma","BulkWESLevel2","168","","","FALSE","FALSE","FALSE","","","",""
"DataFlow","HTAN DFCI","syn51208611","clinical_exposure_breast","Exposure","2","","","FALSE","FALSE","FALSE","","","",""
"DataFlow","HTAN DFCI","syn51208612","clinical_exposure_melanoma","Exposure","24","","","FALSE","FALSE","FALSE","","","",""
"DataFlow","HTAN DFCI","syn51271230","single_cell_RNAseq_level_1_melanoma","","","","","FALSE","FALSE","FALSE","","","",""
"DataFlow","HTAN DFCI","syn51323078","codex_level_2_melanoma","","","","","FALSE","FALSE","FALSE","","","",""
"DataFlow","HTAN DFCI","syn51324546","codex_level_3_melanoma","","","","","FALSE","FALSE","FALSE","","","",""
"DataFlow","HTAN DFCI","syn51324672","codex_level_4_melanoma","","","","","FALSE","FALSE","FALSE","","","",""
"DataFlow","HTAN DFCI","syn51360911","clinical_family_history_melanoma","FamilyHistory","48","","","FALSE","FALSE","FALSE","","","",""
"DataFlow","HTAN DFCI","syn51360912","clinical_family_history_breast","FamilyHistory","2","","","FALSE","FALSE","FALSE","","","",""
"DataFlow","HTAN DFCI","syn51360951","clinical_therapy_melanoma","Therapy","63","","","FALSE","FALSE","FALSE","","","",""
"DataFlow","HTAN DFCI","syn51360952","clinical_therapy_breast","Therapy","508","","","FALSE","FALSE","FALSE","","","",""
"DataFlow","HTAN DFCI","syn51361032","clinical_follow_up_melanoma","FollowUp","87","","","FALSE","FALSE","FALSE","","","",""
"DataFlow","HTAN DFCI","syn51361041","clinical_follow_up_breast","FollowUp","138","","","FALSE","FALSE","FALSE","","","",""
"DataFlow","HTAN DFCI","syn51361108","clinical_molecular_test_melanoma","MolecularTest","64","","","FALSE","FALSE","FALSE","","","",""
"DataFlow","HTAN DFCI","syn51361110","clinical_molecular_test_lung","","","","","FALSE","FALSE","FALSE","","","",""
"DataFlow","HTAN DFCI","syn51500780","codex_level_1_melanoma","","","","","FALSE","FALSE","FALSE","","","",""
"DataFlow","HTAN DFCI","syn51547608","merfish_level_1_lung","","","","","FALSE","FALSE","FALSE","","","",""
"DataFlow","HTAN DFCI","syn51547609","merfish_level_1_melanoma","","","","","FALSE","FALSE","FALSE","","","",""
"DataFlow","HTAN DFCI","syn51729822","Single_cell_lung_level_1","","","","","FALSE","FALSE","FALSE","","","",""
"DataFlow","HTAN DFCI","syn51741178","merfish_level_1_breast","","","","","FALSE","FALSE","FALSE","","","",""
"DataFlow","HTAN DFCI","syn51742307","merfish_level_2_breast","","","","","FALSE","FALSE","FALSE","","","",""
"DataFlow","HTAN DFCI","syn52188029","archive","","","","","FALSE","FALSE","FALSE","","","",""
"DataFlow","HTAN DFCI","syn52242239","clinical_tier_2_melanoma","ClinicalDataTier2","127","","","FALSE","FALSE","FALSE","","","",""
"DataFlow","HTAN DFCI","syn52242240","clinical_tier_2_breast","","","","","FALSE","FALSE","FALSE","","","",""
"DataFlow","HTAN DFCI","syn52523685","single_cell_RNAseq_level_1_breast","ScRNA-seqLevel1","140","","","FALSE","FALSE","FALSE","","","",""
"DataFlow","HTAN DFCI","syn52582421","single_cell_RNAseq_level_2_melanoma","","","","","FALSE","FALSE","FALSE","","","",""
"DataFlow","HTAN DFCI","syn52582422","single_cell_RNAseq_level_2_lung","","","","","FALSE","FALSE","FALSE","","","",""
"DataFlow","HTAN DFCI","syn52582423","single_cell_RNAseq_level_3_melanoma","","","","","FALSE","FALSE","FALSE","","","",""
"DataFlow","HTAN DFCI","syn52582430","single_cell_RNAseq_level_3_lung","","","","","FALSE","FALSE","FALSE","","","",""
"DataFlow","HTAN DFCI","syn52582619","merfish_level_2_melanoma","","","","","FALSE","FALSE","FALSE","","","",""
"DataFlow","HTAN DFCI","syn52582620","merfish_level_2_lung","","","","","FALSE","FALSE","FALSE","","","",""
"DataFlow","HTAN DFCI","syn52582624","wes_level_1_melanoma","","","","","FALSE","FALSE","FALSE","","","",""
"DataFlow","HTAN DFCI","syn52582625","wes_level_1_lung","","","","","FALSE","FALSE","FALSE","","","",""
"DataFlow","HTAN DFCI","syn52582626","wes_level_2_lung","","","","","FALSE","FALSE","FALSE","","","",""
"DataFlow","HTAN DFCI","syn52582627","wes_level_3_breast","","","","","FALSE","FALSE","FALSE","","","",""
"DataFlow","HTAN DFCI","syn52582628","wes_level_3_melanoma","","","","","FALSE","FALSE","FALSE","","","",""
"DataFlow","HTAN DFCI","syn52582629","wes_level_4_melanoma","","","","","FALSE","FALSE","FALSE","","","",""
"DataFlow","HTAN DFCI","syn52582630","wes_level_4_lung","","","","","FALSE","FALSE","FALSE","","","",""
"DataFlow","HTAN DFCI","syn52588907","wes_level_2_breast","BulkWESLevel2","204","","","FALSE","FALSE","FALSE","","","",""
"DataFlow","HTAN DFCI","syn52589056","single_cell_RNAseq_level_2_breast","ScRNA-seqLevel2","40","","","FALSE","FALSE","FALSE","","","",""
"DataFlow","HTAN Duke","syn24180956","bulk_DNAseq_level_1","BulkWESLevel1","2516","","","FALSE","FALSE","FALSE","","","",""
"DataFlow","HTAN Duke","syn24615228","clinical_demographics","","","","","FALSE","FALSE","FALSE","","","",""
"DataFlow","HTAN Duke","syn24615229","clinical_diagnosis","","","","","FALSE","FALSE","FALSE","","","",""
"DataFlow","HTAN Duke","syn24615230","clinical_exposure","","","","","FALSE","FALSE","FALSE","","","",""
"DataFlow","HTAN Duke","syn24615231","clinical_family_history","","","","","FALSE","FALSE","FALSE","","","",""
"DataFlow","HTAN Duke","syn24615232","clinical_therapy","","","","","FALSE","FALSE","FALSE","","","",""
"DataFlow","HTAN Duke","syn24615233","clinical_follow_up","","","","","FALSE","FALSE","FALSE","","","",""
"DataFlow","HTAN Duke","syn24860551","clinical_molecular_test","","","","","FALSE","FALSE","FALSE","","","",""
"DataFlow","HTAN Duke","syn24873778","clinical_tier_2","","","","","FALSE","FALSE","FALSE","","","",""
"DataFlow","HTAN Duke","syn24873779","clinical_tier_3_breast","","","","","FALSE","FALSE","FALSE","","","",""
"DataFlow","HTAN Duke","syn25148276","biospecimen","","","","","FALSE","FALSE","FALSE","","","",""
"DataFlow","HTAN Duke","syn25472271","minerva","","","","","FALSE","FALSE","FALSE","","","",""
"DataFlow","HTAN Duke","syn25892944","imaging_level_2","ImagingLevel2","662","","","FALSE","FALSE","FALSE","","","",""
"DataFlow","HTAN Duke","syn26551262","mibi_imaging_level_2","ImagingLevel2","125","","","FALSE","FALSE","FALSE","","","",""
"DataFlow","HTAN Duke","syn26551280","mibi_imaging_level_3","ImagingLevel3Segmentation","79","","","FALSE","FALSE","FALSE","","","",""
"DataFlow","HTAN Duke","syn30911850","bulk_RNAseq_level_1","BulkRNA-seqLevel1","885","","","FALSE","FALSE","FALSE","","","",""
"DataFlow","HTAN Duke","syn51250047","lw_test_folder","","","","","FALSE","FALSE","FALSE","","","",""
"DataFlow","HTAN Duke","syn51514278","imaging_level_2_2","ImagingLevel2","282","","","FALSE","FALSE","FALSE","","","",""
"DataFlow","HTAN Duke","syn51534202","bulk_DNAseq_level_1_2","BulkWESLevel1","98","","","FALSE","FALSE","FALSE","","","",""
"DataFlow","HTAN Duke","syn51664500","bulk_RNAseq_level_2","BulkRNA-seqLevel2","774","","","FALSE","FALSE","FALSE","","","",""
"DataFlow","HTAN Duke","syn51671737","bulk_RNAseq_level_3","BulkRNA-seqLevel3","6","","","FALSE","FALSE","FALSE","","","",""
"DataFlow","HTAN Duke","syn51672637","bulk_DNAseq_level_3","BulkWESLevel3","228","","","FALSE","FALSE","FALSE","","","",""
"DataFlow","HTAN Duke","syn51677784","bulk_DNAseq_level_2","BulkWESLevel2","228","","","FALSE","FALSE","FALSE","","","",""
"DataFlow","HTAN Duke","syn51687611","mibi_imaging_level_1_2","ImagingLevel1","3397","","","FALSE","FALSE","FALSE","","","",""
"DataFlow","HTAN Duke","syn52070246","mibi_imaging_level_3_2","ImagingLevel3Segmentation","316","","","FALSE","FALSE","FALSE","","","",""
"DataFlow","HTAN Duke","syn52126196","mibi_imaging_level_4","ImagingLevel4","1","","","FALSE","FALSE","FALSE","","","",""
"DataFlow","HTAN Duke","syn52287290","imaging_level_2_2_clean","ImagingLevel2","282","","","FALSE","FALSE","FALSE","","","",""
"DataFlow","HTAN Duke","syn52297453","imaging_level_2_3","","","","","FALSE","FALSE","FALSE","","","",""
"DataFlow","HTAN Stanford","syn23445842","wgs","BulkWESLevel1","222","","","FALSE","FALSE","FALSE","","","",""
"DataFlow","HTAN Stanford","syn23627808","codex","ImagingLevel2","385","","","FALSE","FALSE","FALSE","","","",""
"DataFlow","HTAN Stanford","syn23627814","bulkRNAseq","BulkRNA-seqLevel1","348","","","FALSE","FALSE","FALSE","","","",""
"DataFlow","HTAN Stanford","syn23627815","bulkATACseq","","","","","FALSE","FALSE","FALSE","","","",""
"DataFlow","HTAN Stanford","syn24191308","scatacseq_level_1","ScATAC-seqLevel1","640","","","FALSE","FALSE","FALSE","","","",""
"DataFlow","HTAN Stanford","syn24191309","scrnaseq_level_1","ScRNA-seqLevel1","384","","","FALSE","FALSE","FALSE","","","",""
"DataFlow","HTAN Stanford","syn24615280","biospecimen","","","","","FALSE","FALSE","FALSE","","","",""
"DataFlow","HTAN Stanford","syn24615281","clinical_demographics","","","","","FALSE","FALSE","FALSE","","","",""
"DataFlow","HTAN Stanford","syn24615282","clinical_diagnosis","","","","","FALSE","FALSE","FALSE","","","",""
"DataFlow","HTAN Stanford","syn24615283","clinical_exposure","","","","","FALSE","FALSE","FALSE","","","",""
"DataFlow","HTAN Stanford","syn24615284","clinical_family_history","","","","","FALSE","FALSE","FALSE","","","",""
"DataFlow","HTAN Stanford","syn24615285","clinical_follow_up","","","","","FALSE","FALSE","FALSE","","","",""
"DataFlow","HTAN Stanford","syn24615286","clinical_therapy","","","","","FALSE","FALSE","FALSE","","","",""
"DataFlow","HTAN Stanford","syn24860552","clinical_molecular_test","","","","","FALSE","FALSE","FALSE","","","",""
"DataFlow","HTAN Stanford","syn24873788","clinical_tier_2","","","","","FALSE","FALSE","FALSE","","","",""
"DataFlow","HTAN Stanford","syn24873789","clinical_tier_3_colon","","","","","FALSE","FALSE","FALSE","","","",""
"DataFlow","HTAN Stanford","syn26530163","scatacseq_level_2","ScATAC-seqLevel2","34","","","FALSE","FALSE","FALSE","","","",""
"DataFlow","HTAN Stanford","syn26530164","scatacseq_level_3","","","","","FALSE","FALSE","FALSE","","","",""
"DataFlow","HTAN Stanford","syn26530912","scrnaseq_level_2","ScRNA-seqLevel2","128","","","FALSE","FALSE","FALSE","","","",""
"DataFlow","HTAN Stanford","syn26531002","scrnaseq_level_3","ScRNA-seqLevel3","192","","","FALSE","FALSE","FALSE","","","",""
"DataFlow","HTAN Stanford","syn39253511","hic_level_1","HI-C-seqLevel1","66","","","FALSE","FALSE","FALSE","","","",""
"DataFlow","HTAN Stanford","syn39253516","hic_level_2","HI-C-seqLevel2","36","","","FALSE","FALSE","FALSE","","","",""
"DataFlow","HTAN Stanford","syn45071628","bulk_methyl_seq_level_1","BulkMethylation-seqLevel1","80","","","FALSE","FALSE","FALSE","","","",""
"DataFlow","HTAN Stanford","syn45071740","bulk_methyl_seq_level_2","BulkMethylation-seqLevel2","51","","","FALSE","FALSE","FALSE","","","",""
"DataFlow","HTAN Stanford","syn51082327","wes","","","","","FALSE","FALSE","FALSE","","","",""
"DataFlow","HTAN Stanford","syn51250045","Test","","","","","FALSE","FALSE","FALSE","","","",""
"DataFlow","HTAN Stanford","syn51612055","proteomics_level_1","MassSpectrometryLevel1","479","","","FALSE","FALSE","FALSE","","","",""
"DataFlow","HTAN Stanford","syn51612118","proteomics_level_3","MassSpectrometryLevel3","28","","","FALSE","FALSE","FALSE","","","",""
"DataFlow","HTAN Stanford","syn51612119","proteomics_level_4","MassSpectrometryLevel4","28","","","FALSE","FALSE","FALSE","","","",""
"DataFlow","HTAN Stanford","syn52625868","test_codex_level_1_small","","","","","FALSE","FALSE","FALSE","","","",""
"DataFlow","HTAN TNP SARDANA","syn24984556","biospecimen","Biospecimen","402","","","FALSE","FALSE","FALSE","","","",""
"DataFlow","HTAN TNP SARDANA","syn24984557","clinical_demographics","Demographics","2","","","FALSE","FALSE","FALSE","","","",""
"DataFlow","HTAN TNP SARDANA","syn24984558","clinical_diagnosis","Diagnosis","2","","","FALSE","FALSE","FALSE","","","",""
"DataFlow","HTAN TNP SARDANA","syn24984559","clinical_exposure","Exposure","2","","","FALSE","FALSE","FALSE","","","",""
"DataFlow","HTAN TNP SARDANA","syn24984560","clinical_family_history","FamilyHistory","2","","","FALSE","FALSE","FALSE","","","",""
"DataFlow","HTAN TNP SARDANA","syn24984561","clinical_follow_up","FollowUp","2","","","FALSE","FALSE","FALSE","","","",""
"DataFlow","HTAN TNP SARDANA","syn24984562","clinical_therapy","Therapy","2","","","FALSE","FALSE","FALSE","","","",""
"DataFlow","HTAN TNP SARDANA","syn24984563","clinical_molecular_test","MolecularTest","3","","","FALSE","FALSE","FALSE","","","",""
"DataFlow","HTAN TNP SARDANA","syn24984564","clinical_tier_2","","","","","FALSE","FALSE","FALSE","","","",""
"DataFlow","HTAN TNP SARDANA","syn24984565","clinical_tier_3_breast","","","","","FALSE","FALSE","FALSE","","","",""
"DataFlow","HTAN TNP SARDANA","syn24984566","clinical_tier_3_glioma","","","","","FALSE","FALSE","FALSE","","","",""
"DataFlow","HTAN TNP SARDANA","syn24984567","clinical_tier_3_colon","","","","","FALSE","FALSE","FALSE","","","",""
"DataFlow","HTAN TNP SARDANA","syn24984568","clinical_tier_3_lung","","","","","FALSE","FALSE","FALSE","","","",""
"DataFlow","HTAN TNP SARDANA","syn24984569","clinical_tier_3_sarcoma","","","","","FALSE","FALSE","FALSE","","","",""
"DataFlow","HTAN TNP SARDANA","syn24984570","clinical_tier_3_ovarian","","","","","FALSE","FALSE","FALSE","","","",""
"DataFlow","HTAN TNP SARDANA","syn24984571","clinical_tier_3_neuroblastoma","","","","","FALSE","FALSE","FALSE","","","",""
"DataFlow","HTAN TNP SARDANA","syn24984572","clinical_tier_3_pancreatic","","","","","FALSE","FALSE","FALSE","","","",""
"DataFlow","HTAN TNP SARDANA","syn24984573","clinical_tier_3_melanoma","","","","","FALSE","FALSE","FALSE","","","",""
"DataFlow","HTAN TNP SARDANA","syn24984574","clinical_tier_3_acute_lymphoblastic_leukemia","","","","","FALSE","FALSE","FALSE","","","",""
"DataFlow","HTAN TNP SARDANA","syn25472275","minerva","","","","","FALSE","FALSE","FALSE","","","",""
"DataFlow","HTAN TNP SARDANA","syn27790444","codex_level_1","","","","","FALSE","FALSE","FALSE","","","",""
"DataFlow","HTAN TNP SARDANA","syn35469108","imaging_level_4","ImagingLevel4","25","","","FALSE","FALSE","FALSE","","","",""
"DataFlow","HTAN TNP SARDANA","syn45579293","imaging_level_3_segmentation","ImagingLevel3Segmentation","25","","","FALSE","FALSE","FALSE","","","",""
"DataFlow","HTAN SRRS","syn44583443","BU_biospecimen","SRRSBiospecimen","180","","","FALSE","FALSE","FALSE","","","",""
"DataFlow","HTAN SRRS","syn44583458","DFCI_biospecimen","SRRSBiospecimen","111","","","FALSE","FALSE","FALSE","","","",""
"DataFlow","HTAN SRRS","syn44583467","Stanford_biospecimen","SRRSBiospecimen","6","","","FALSE","FALSE","FALSE","","","",""
"DataFlow","HTAN SRRS","syn44583480","WashUniv_biospecimen","","","","","FALSE","FALSE","FALSE","","","",""
"DataFlow","HTAN SRRS","syn44583495","BU_clinical_tier_2","SRRSClinicalDataTier2","4","","","FALSE","FALSE","FALSE","","","",""
"DataFlow","HTAN SRRS","syn44583505","DFCI_clinical_tier_2","SRRSClinicalDataTier2","6","","","FALSE","FALSE","FALSE","","","",""
"DataFlow","HTAN SRRS","syn44583520","Stanford_clinical_tier_2","SRRSClinicalDataTier2","4","","","FALSE","FALSE","FALSE","","","",""
"DataFlow","HTAN SRRS","syn44583530","WashUniv_clinical_tier_2","","","","","FALSE","FALSE","FALSE","","","",""
"DataFlow","HTAN SRRS","syn44583560","DFCI_imaging_level_2","SRRSImagingLevel2","176","","","FALSE","FALSE","FALSE","","","",""
"DataFlow","HTAN SRRS","syn44583571","Stanford_imaging_level_2","SRRSImagingLevel2","6","","","FALSE","FALSE","FALSE","","","",""
"DataFlow","HTAN SRRS","syn44583579","WashUniv_imaging_level_2","","","","","FALSE","FALSE","FALSE","","","",""
"DataFlow","HTAN SRRS","syn52295177","SNUC_TNP_Biospecimen_Level_1","Biospecimen","18","","","FALSE","FALSE","FALSE","","","",""
"DataFlow","HTAN SRRS","syn52323894","SNUC_TNP_snRNAseq_Level_1","ScRNA-seqLevel1","32","","","FALSE","FALSE","FALSE","","","",""
"DataFlow","HTAN SRRS","syn52323895","SNUC_TNP_snATACseq_Level_1","ScATAC-seqLevel1","32","","","FALSE","FALSE","FALSE","","","",""
"DataFlow","HTAN SRRS","syn52429758","WashUniv_imaging_level_2_clean","","","","","FALSE","FALSE","FALSE","","","",""
"DataFlow","HTAN SRRS","syn52430918","BU_imaging_level_2_clean","SRRSImagingLevel2","65","","","FALSE","FALSE","FALSE","","","",""
